date,code,name,cat,chg,bench_chg,rs
2026-07-24,sh512480,半导体,科技,0.63,-2.20,2.84
2026-07-24,sh512720,计算机,科技,-3.38,-2.20,-1.18
2026-07-24,sh515880,通信,科技,-3.73,-2.20,-1.52
2026-07-24,sh512980,传媒,科技,-3.38,-2.20,-1.18
2026-07-24,sh516160,新能源,新能源,-3.10,-2.20,-0.90
2026-07-24,sz159611,电力,新能源,-4.09,-2.20,-1.89
2026-07-24,sh512660,军工,制造,-2.18,-2.20,0.02
2026-07-24,sh516110,汽车,制造,-2.41,-2.20,-0.21
2026-07-24,sh512400,有色,周期,-4.77,-2.20,-2.57
2026-07-24,sh515220,煤炭,周期,-4.36,-2.20,-2.16
2026-07-24,sz159870,化工,周期,-3.16,-2.20,-0.96
2026-07-24,sh515210,钢铁,周期,-2.84,-2.20,-0.64
2026-07-24,sh515170,食品饮料,消费,-1.72,-2.20,0.49
2026-07-24,sh512690,酒,消费,-2.12,-2.20,0.08
2026-07-24,sz159992,创新药,医药,-4.33,-2.20,-2.13
2026-07-24,sh512010,医药,医药,-3.18,-2.20,-0.98
2026-07-24,sh560080,中药,医药,-2.92,-2.20,-0.72
2026-07-24,sh512800,银行,金融,0.12,-2.20,2.33
2026-07-24,sh512200,房地产,金融,-2.94,-2.20,-0.74
2026-07-24,sh510880,红利,防御,-1.74,-2.20,0.46
2026-07-28,sh512480,半导体,科技,-6.72,-1.93,-4.79
2026-07-28,sh512720,计算机,科技,-2.96,-1.93,-1.03
2026-07-28,sh515880,通信,科技,-7.81,-1.93,-5.88
2026-07-28,sh512980,传媒,科技,0.00,-1.93,1.93
2026-07-28,sh516160,新能源,新能源,-0.86,-1.93,1.07
2026-07-28,sz159611,电力,新能源,0.19,-1.93,2.12
2026-07-28,sh512660,军工,制造,-1.92,-1.93,0.01
2026-07-28,sh516110,汽车,制造,1.14,-1.93,3.07
2026-07-28,sh512400,有色,周期,-1.19,-1.93,0.74
2026-07-28,sh515220,煤炭,周期,0.08,-1.93,2.01
2026-07-28,sz159870,化工,周期,-0.38,-1.93,1.55
2026-07-28,sh515210,钢铁,周期,0.34,-1.93,2.27
2026-07-28,sh515170,食品饮料,消费,2.51,-1.93,4.44
2026-07-28,sh512690,酒,消费,3.67,-1.93,5.60
2026-07-28,sz159992,创新药,医药,-2.35,-1.93,-0.42
2026-07-28,sh512010,医药,医药,0.80,-1.93,2.73
2026-07-28,sh560080,中药,医药,0.60,-1.93,2.53
2026-07-28,sh512800,银行,金融,2.56,-1.93,4.49
2026-07-28,sh512200,房地产,金融,-0.34,-1.93,1.59
2026-07-28,sh510880,红利,防御,1.19,-1.93,3.12
2026-07-29,sh512480,半导体,科技,3.55,1.80,1.75
2026-07-29,sh512720,计算机,科技,5.73,1.80,3.93
2026-07-29,sh515880,通信,科技,4.86,1.80,3.06
2026-07-29,sh512980,传媒,科技,6.92,1.80,5.12
2026-07-29,sh516160,新能源,新能源,0.87,1.80,-0.93
2026-07-29,sz159611,电力,新能源,0.00,1.80,-1.80
2026-07-29,sh512660,军工,制造,1.86,1.80,0.06
2026-07-29,sh516110,汽车,制造,1.30,1.80,-0.50
2026-07-29,sh512400,有色,周期,2.58,1.80,0.77
2026-07-29,sh515220,煤炭,周期,-0.17,1.80,-1.97
2026-07-29,sz159870,化工,周期,-0.13,1.80,-1.93
2026-07-29,sh515210,钢铁,周期,0.43,1.80,-1.38
2026-07-29,sh515170,食品饮料,消费,0.00,1.80,-1.80
2026-07-29,sh512690,酒,消费,0.22,1.80,-1.58
2026-07-29,sz159992,创新药,医药,1.57,1.80,-0.24
2026-07-29,sh512010,医药,医药,0.27,1.80,-1.54
2026-07-29,sh560080,中药,医药,0.90,1.80,-0.91
2026-07-29,sh512800,银行,金融,-0.48,1.80,-2.28
2026-07-29,sh512200,房地产,金融,1.19,1.80,-0.61
2026-07-29,sh510880,红利,防御,-0.24,1.80,-2.04
2026-07-30,sh512480,半导体,科技,5.21,1.98,3.23
2026-07-30,sh512720,计算机,科技,3.25,1.98,1.27
2026-07-30,sh515880,通信,科技,9.45,1.98,7.47
2026-07-30,sh512980,传媒,科技,3.17,1.98,1.18
2026-07-30,sh516160,新能源,新能源,1.39,1.98,-0.60
2026-07-30,sz159611,电力,新能源,-0.92,1.98,-2.91
2026-07-30,sh512660,军工,制造,1.36,1.98,-0.62
2026-07-30,sh516110,汽车,制造,-1.29,1.98,-3.28
2026-07-30,sh512400,有色,周期,1.74,1.98,-0.24
2026-07-30,sh515220,煤炭,周期,-0.34,1.98,-2.32
2026-07-30,sz159870,化工,周期,0.64,1.98,-1.34
2026-07-30,sh515210,钢铁,周期,-1.26,1.98,-3.24
2026-07-30,sh515170,食品饮料,消费,-1.44,1.98,-3.43
2026-07-30,sh512690,酒,消费,-1.56,1.98,-3.55
2026-07-30,sz159992,创新药,医药,3.38,1.98,1.39
2026-07-30,sh512010,医药,医药,2.41,1.98,0.42
2026-07-30,sh560080,中药,医药,-0.30,1.98,-2.28
2026-07-30,sh512800,银行,金融,-2.41,1.98,-4.39
2026-07-30,sh512200,房地产,金融,-0.67,1.98,-2.65
2026-07-30,sh510880,红利,防御,-1.46,1.98,-3.45
2026-07-31,sh512480,半导体,科技,5.21,1.98,3.23
2026-07-31,sh512720,计算机,科技,3.25,1.98,1.27
2026-07-31,sh515880,通信,科技,9.45,1.98,7.47
2026-07-31,sh512980,传媒,科技,3.17,1.98,1.18
2026-07-31,sh516160,新能源,新能源,1.39,1.98,-0.60
2026-07-31,sz159611,电力,新能源,-0.92,1.98,-2.91
2026-07-31,sh512660,军工,制造,1.36,1.98,-0.62
2026-07-31,sh516110,汽车,制造,-1.29,1.98,-3.28
2026-07-31,sh512400,有色,周期,1.74,1.98,-0.24
2026-07-31,sh515220,煤炭,周期,-0.34,1.98,-2.32
2026-07-31,sz159870,化工,周期,0.64,1.98,-1.34
2026-07-31,sh515210,钢铁,周期,-1.26,1.98,-3.24
2026-07-31,sh515170,食品饮料,消费,-1.44,1.98,-3.43
2026-07-31,sh512690,酒,消费,-1.56,1.98,-3.55
2026-07-31,sz159992,创新药,医药,3.38,1.98,1.39
2026-07-31,sh512010,医药,医药,2.41,1.98,0.42
2026-07-31,sh560080,中药,医药,-0.30,1.98,-2.28
2026-07-31,sh512800,银行,金融,-2.41,1.98,-4.39
2026-07-31,sh512200,房地产,金融,-0.67,1.98,-2.65
2026-07-31,sh510880,红利,防御,-1.46,1.98,-3.45
2026-08-04,sh512480,半导体,科技,6.60,2.05,4.55
2026-08-04,sh512720,计算机,科技,2.90,2.05,0.85
2026-08-04,sh515880,通信,科技,0.78,2.05,-1.27
2026-08-04,sh512980,传媒,科技,0.11,2.05,-1.94
2026-08-04,sh516160,新能源,新能源,2.13,2.05,0.08
2026-08-04,sz159611,电力,新能源,-0.74,2.05,-2.79
2026-08-04,sh512660,军工,制造,1.79,2.05,-0.26
2026-08-04,sh516110,汽车,制造,0.44,2.05,-1.61
2026-08-04,sh512400,有色,周期,5.20,2.05,3.15
2026-08-04,sh515220,煤炭,周期,0.17,2.05,-1.88
2026-08-04,sz159870,化工,周期,3.19,2.05,1.14
2026-08-04,sh515210,钢铁,周期,0.34,2.05,-1.71
2026-08-04,sh515170,食品饮料,消费,-0.84,2.05,-2.89
2026-08-04,sh512690,酒,消费,-0.91,2.05,-2.96
2026-08-04,sz159992,创新药,医药,1.05,2.05,-1.00
2026-08-04,sh512010,医药,医药,1.04,2.05,-1.01
2026-08-04,sh560080,中药,医药,-1.29,2.05,-3.34
2026-08-04,sh512800,银行,金融,-1.23,2.05,-3.28
2026-08-04,sh512200,房地产,金融,1.77,2.05,-0.28
2026-08-04,sh510880,红利,防御,-0.28,2.05,-2.33
2026-08-06,sh512480,半导体,科技,1.36,0.24,1.11
2026-08-06,sh512720,计算机,科技,-0.64,0.24,-0.89
2026-08-06,sh515880,通信,科技,1.56,0.24,1.31
2026-08-06,sh512980,传媒,科技,-1.82,0.24,-2.06
2026-08-06,sh516160,新能源,新能源,-1.30,0.24,-1.55
2026-08-06,sz159611,电力,新能源,-0.84,0.24,-1.09
2026-08-06,sh512660,军工,制造,-0.09,0.24,-0.33
2026-08-06,sh516110,汽车,制造,-1.22,0.24,-1.46
2026-08-06,sh512400,有色,周期,0.74,0.24,0.49
2026-08-06,sh515220,煤炭,周期,5.88,0.24,5.63
2026-08-06,sz159870,化工,周期,1.24,0.24,0.99
2026-08-06,sh515210,钢铁,周期,-0.76,0.24,-1.01
2026-08-06,sh515170,食品饮料,消费,-0.42,0.24,-0.67
2026-08-06,sh512690,酒,消费,-0.69,0.24,-0.93
2026-08-06,sz159992,创新药,医药,-1.39,0.24,-1.63
2026-08-06,sh512010,医药,医药,-2.07,0.24,-2.31
2026-08-06,sh560080,中药,医药,-0.70,0.24,-0.95
2026-08-06,sh512800,银行,金融,0.50,0.24,0.25
2026-08-06,sh512200,房地产,金融,0.00,0.24,-0.24
2026-08-06,sh510880,红利,防御,1.86,0.24,1.61
