factor,period,quantile,N_days,ann_ret,ann_vol,sharpe,max_dd,win_rate
trading_day,ALL,Q1,1570,0.035708985999384435,0.12357691091705456,0.1271191024505248,-0.27782301441000445,0.5
trading_day,ALL,Q2,1570,0.08159253028345237,0.12225062808908878,0.5038217900898431,-0.22852256310159702,0.5140127388535032
trading_day,ALL,Q3,1570,0.14287875329446775,0.17554229377272965,0.6999951444952399,-0.22225145429027715,0.5280254777070064
trading_day,ALL,Q4,1570,0.07550313121928931,0.14819015562021443,0.37453993476823233,-0.358305791916412,0.5114649681528662
trading_day,ALL,Q5,1570,0.03755996100226788,0.12849260794637213,0.13666125454934136,-0.3190996800124727,0.5101910828025478
trading_day,ALL,LS,1570,0.0017874167825295828,0.10012533921601215,-0.18189784284453983,-0.20387715741912138,0.49171974522292994
trading_day,IS,Q1,970,0.0794612225572564,0.1307180610343745,0.4548814608076238,-0.21645411657908198,0.5030927835051546
trading_day,IS,Q2,970,0.11029234301550273,0.12402848890100104,0.7279967998930765,-0.22852256310159702,0.534020618556701
trading_day,IS,Q3,970,0.18424949687159353,0.18698510430940576,0.8784095261396254,-0.22225145429027715,0.5402061855670103
trading_day,IS,Q4,970,0.09016085125817352,0.1621797730409422,0.43261160095754636,-0.2778943826482927,0.520618556701031
trading_day,IS,Q5,970,0.060339401721061,0.14307769057447672,0.28194054264569635,-0.3018632954293352,0.5247422680412371
trading_day,IS,LS,970,-0.017719774888672046,0.10918574570622046,-0.34546427873618585,-0.20387715741912138,0.49072164948453606
trading_day,OOS,Q1,600,-0.03131879446991215,0.11103642916646193,-0.46217979860444547,-0.18264490371456077,0.495
trading_day,OOS,Q2,600,0.03674905839140852,0.11937269334004745,0.14030895946778058,-0.15718282468465983,0.4816666666666667
trading_day,OOS,Q3,600,0.07901900604623813,0.15535003140639217,0.37990984302955005,-0.14635669969666099,0.5083333333333333
trading_day,OOS,Q4,600,0.05222049619156022,0.12235116181199766,0.2633444236603947,-0.22230234339006716,0.49666666666666665
trading_day,OOS,Q5,600,0.0017595827895757754,0.10060894239089309,-0.1813001585838687,-0.16989923252722472,0.4866666666666667
trading_day,OOS,LS,600,0.034143281495494726,0.08346963605379763,0.16944223269859635,-0.11942201872684821,0.49333333333333335
TSMOM_20d,ALL,Q1,1550,0.2527035311841319,0.18126289299838977,1.2837902305034883,-0.2559464499889619,0.5451612903225806
TSMOM_20d,ALL,Q2,1550,0.09302897854876946,0.11962138586651318,0.6105010238743037,-0.22240148198713305,0.5225806451612903
TSMOM_20d,ALL,Q3,1550,0.054643900289549796,0.1158661811834372,0.2989992415017304,-0.29480698685729445,0.5090322580645161
TSMOM_20d,ALL,Q4,1550,0.03456014749078151,0.1266275031628482,0.11498408424002927,-0.4275839329225394,0.5090322580645161
TSMOM_20d,ALL,Q5,1550,-0.017954546045852116,0.19552957722068706,-0.1941115333309099,-0.5474872973520587,0.49612903225806454
TSMOM_20d,ALL,LS,1550,-0.2162369783943484,0.22795620339585868,-1.0363261664965955,-0.8773716568598403,0.46580645161290324
TSMOM_20d,IS,Q1,950,0.30122058027774345,0.19257400487911644,1.4603247227177556,-0.2559464499889619,0.5631578947368421
TSMOM_20d,IS,Q2,950,0.1580036097563693,0.13321726656884664,1.0359288499967012,-0.22240148198713305,0.5421052631578948
TSMOM_20d,IS,Q3,950,0.09594921765054876,0.12806352332343382,0.5930589419965702,-0.2718045303318103,0.5210526315789473
TSMOM_20d,IS,Q4,950,0.06892674815521005,0.13813660300443678,0.35419104778216226,-0.3114194566729953,0.5242105263157895
TSMOM_20d,IS,Q5,950,-0.020239397839818096,0.18650221173276854,-0.2157582876147094,-0.4521583806378968,0.5
TSMOM_20d,IS,LS,950,-0.24727763890893595,0.21911780599979871,-1.219789682036071,-0.796924469331623,0.45263157894736844
TSMOM_20d,OOS,Q1,600,0.17954319583319567,0.1618250072687571,0.9858995128498785,-0.13992897870290133,0.5166666666666667
TSMOM_20d,OOS,Q2,600,-0.002501559569656253,0.09397073463699845,-0.23945284302158545,-0.1409401835309767,0.49166666666666664
TSMOM_20d,OOS,Q3,600,-0.007608202002024389,0.09331989055041807,-0.29584477477616056,-0.1601844629208169,0.49
TSMOM_20d,OOS,Q4,600,-0.01761699300450037,0.10590330853252586,-0.35520130131673033,-0.26366323444457185,0.485
TSMOM_20d,OOS,Q5,600,-0.014326006994475171,0.20918750981172332,-0.16409204844672554,-0.3185890904587054,0.49
TSMOM_20d,OOS,LS,600,-0.16446201079972222,0.24141966552262942,-0.7640720170844231,-0.4734068209960699,0.4866666666666667
TSMOM_60d,ALL,Q1,1510,0.3546585326744316,0.1766307408166414,1.8946788714532836,-0.20252530379641132,0.5370860927152318
TSMOM_60d,ALL,Q2,1510,0.1237711631440348,0.11535149980595495,0.8996082696679222,-0.2206730913863476,0.5258278145695364
TSMOM_60d,ALL,Q3,1510,0.0686530603552129,0.11535512383394264,0.42176765745794287,-0.2712422008529902,0.5158940397350993
TSMOM_60d,ALL,Q4,1510,0.036315895985125524,0.1292508830057496,0.12623430962866014,-0.3467804402093685,0.5052980132450331
TSMOM_60d,ALL,Q5,1510,-0.04612547025450908,0.1993936067686288,-0.3316328508528329,-0.6607535975997745,0.5039735099337749
TSMOM_60d,ALL,LS,1510,-0.2961662744497232,0.22806536167930108,-1.3862967708981038,-0.9183437319079311,0.47019867549668876
TSMOM_60d,IS,Q1,910,0.39021517371611014,0.18701344093906186,1.9796179988835367,-0.20252530379641132,0.5483516483516484
TSMOM_60d,IS,Q2,910,0.21755425843667164,0.12330013664498421,1.6022225425871663,-0.2206730913863476,0.5439560439560439
TSMOM_60d,IS,Q3,910,0.12049870285512765,0.12818237362603566,0.7840290362255777,-0.21261514863653785,0.5307692307692308
TSMOM_60d,IS,Q4,910,0.10392466548864765,0.1434108785547637,0.5852043187686051,-0.23207281988511508,0.521978021978022
TSMOM_60d,IS,Q5,910,-0.02921396321731007,0.19305573984595575,-0.2549210049728601,-0.5001127855247404,0.5054945054945055
TSMOM_60d,IS,LS,910,-0.3020426702813367,0.22143793377527404,-1.4543247617554147,-0.7898760264446968,0.46593406593406594
TSMOM_60d,OOS,Q1,600,0.3024519781786441,0.15971935802665918,1.768426705869299,-0.15077224355680507,0.52
TSMOM_60d,OOS,Q2,600,-0.004915331677648349,0.10172444871109124,-0.24492963091312164,-0.172989303538591,0.49833333333333335
TSMOM_60d,OOS,Q3,600,-0.00545555030652678,0.09248189264140864,-0.2752490198835863,-0.1659545816024809,0.49333333333333335
TSMOM_60d,OOS,Q4,600,-0.05843543780538141,0.10397850295392706,-0.7543428264218827,-0.24952378349198812,0.48
TSMOM_60d,OOS,Q5,600,-0.07121629532328788,0.20879138898330346,-0.43687766898558367,-0.4279844887927291,0.5016666666666667
TSMOM_60d,OOS,LS,600,-0.2871595758731196,0.23795027366684246,-1.2908561572119814,-0.6444894521367384,0.4766666666666667
MA_Dev_20d,ALL,Q1,1551,0.33443958447829214,0.1837373909799048,1.7113532678423746,-0.25810170483249517,0.5519019987105094
MA_Dev_20d,ALL,Q2,1551,0.07071209679585921,0.1258584030809713,0.4029297651522995,-0.23634193302955941,0.5299806576402321
MA_Dev_20d,ALL,Q3,1551,0.02607484466032095,0.1145883966440441,0.053014483475074425,-0.3691195894668907,0.5112830431979368
MA_Dev_20d,ALL,Q4,1551,0.043835154522204656,0.12784022936978773,0.18644486668793148,-0.3360716056983637,0.5087040618955513
MA_Dev_20d,ALL,Q5,1551,-0.037654045598933816,0.18723575214761137,-0.3079222046945447,-0.6101331570556454,0.4990328820116054
MA_Dev_20d,ALL,LS,1551,-0.2791202271532821,0.22464671385389265,-1.331513922557648,-0.9248696390002278,0.4590586718246293
MA_Dev_20d,IS,Q1,951,0.4115936292398201,0.1964163660674415,1.993691447816332,-0.25810170483249517,0.5657202944269191
MA_Dev_20d,IS,Q2,951,0.08132643274385787,0.14051880141701947,0.4364286638188623,-0.23634193302955941,0.5362776025236593
MA_Dev_20d,IS,Q3,951,0.06256657667460197,0.1266664923009766,0.33605238371532437,-0.26863086979958795,0.5226077812828601
MA_Dev_20d,IS,Q4,951,0.0914473937652438,0.13928241093280913,0.5129678132848414,-0.2563346893720122,0.5289169295478444
MA_Dev_20d,IS,Q5,951,-0.019879565487907036,0.17895024856391314,-0.22285280857636705,-0.4651726523659576,0.5131440588853838
MA_Dev_20d,IS,LS,951,-0.3060251281744697,0.2208841747615478,-1.4760003903694108,-0.8450995235659778,0.45636172450052576
MA_Dev_20d,OOS,Q1,600,0.22066423936883295,0.16160979344418358,1.241658906260145,-0.13285679454201194,0.53
MA_Dev_20d,OOS,Q2,600,0.05410054328265379,0.09834419933354219,0.34674686980773595,-0.1617013196311906,0.52
MA_Dev_20d,OOS,Q3,600,-0.029224449760647753,0.09225142760425695,-0.5335901138767449,-0.22594759640801543,0.49333333333333335
MA_Dev_20d,OOS,Q4,600,-0.02742804122431064,0.10718753682821089,-0.4424772005006833,-0.1931699952461713,0.4766666666666667
MA_Dev_20d,OOS,Q5,600,-0.06517123709691619,0.19980486353740087,-0.42627209162490304,-0.37490341567550256,0.4766666666666667
MA_Dev_20d,OOS,LS,600,-0.23433237029016385,0.23061775070382456,-1.1028308511116964,-0.5690606709047822,0.4633333333333333
MA_Dev_50d,ALL,Q1,1521,0.33087460942739133,0.18326250803550223,1.6963350156005048,-0.18946930339490864,0.5410913872452334
MA_Dev_50d,ALL,Q2,1521,0.1508350038499373,0.1184437249837742,1.1046174364058596,-0.20547816201781743,0.5483234714003945
MA_Dev_50d,ALL,Q3,1521,0.0904207707483422,0.11995392638537616,0.5870651580182651,-0.3223477386116764,0.5220249835634451
MA_Dev_50d,ALL,Q4,1521,0.005425637276179396,0.1267746786759065,-0.11496272659526337,-0.36652701678306265,0.5108481262327417
MA_Dev_50d,ALL,Q5,1521,-0.04547306786717342,0.19874599429609804,-0.3294308803508743,-0.6465771854465732,0.4917817225509533
MA_Dev_50d,ALL,LS,1521,-0.2830640927035324,0.23661198438805903,-1.2808484468246022,-0.9144613450403796,0.4556213017751479
MA_Dev_50d,IS,Q1,921,0.4290751391053691,0.19401037129105844,2.1085220155146547,-0.18946930339490864,0.5580890336590663
MA_Dev_50d,IS,Q2,921,0.2378891024207781,0.129973249421069,1.676414980708005,-0.20547816201781743,0.5700325732899023
MA_Dev_50d,IS,Q3,921,0.15796534461535727,0.13662140118131358,1.0098369905624092,-0.2359080476215245,0.5287730727470141
MA_Dev_50d,IS,Q4,921,-0.0038827185442530388,0.1393832779562508,-0.17134565131801013,-0.36457081281603076,0.501628664495114
MA_Dev_50d,IS,Q5,921,-0.014051698725144113,0.18703472869766705,-0.18206083416832766,-0.46840161514114187,0.50271444082519
MA_Dev_50d,IS,LS,921,-0.3104577246521735,0.22586834835053993,-1.4630545938172552,-0.8150274029799608,0.4527687296416938
MA_Dev_50d,OOS,Q1,600,0.1930548825421492,0.16532244413385813,1.0467718611880084,-0.16579315659450367,0.515
MA_Dev_50d,OOS,Q2,600,0.028923462633141828,0.09781396750359016,0.0912289201725132,-0.11581517308270228,0.515
MA_Dev_50d,OOS,Q3,600,-0.0057038021373357894,0.08824138711132291,-0.29128964286235187,-0.19992559840714164,0.5116666666666667
MA_Dev_50d,OOS,Q4,600,0.019882771483989314,0.10460872432344154,-0.001120638042083614,-0.17121966104583763,0.525
MA_Dev_50d,OOS,Q5,600,-0.09177535998528907,0.2156111261917501,-0.518411836900678,-0.44004122583979965,0.475
MA_Dev_50d,OOS,LS,600,-0.23889186074797164,0.2523603472029191,-1.0258816950342862,-0.5947913367412514,0.46
HV_20d,ALL,Q1,1550,0.031061346562371472,0.06853990639930439,0.16138549267822946,-0.14344259765306588,0.5174193548387097
HV_20d,ALL,Q2,1550,0.0758825405608321,0.10660203216906701,0.5242164658944248,-0.21832493332310843,0.5161290322580645
HV_20d,ALL,Q3,1550,0.12275528969501703,0.1251940102181351,0.8207684178818031,-0.21359000739191147,0.5296774193548387
HV_20d,ALL,Q4,1550,0.044124175280058076,0.15420385514232318,0.15644339927683748,-0.3296313304304427,0.5103225806451613
HV_20d,ALL,Q5,1550,0.13430311331101397,0.23700687004540824,0.48227763730694634,-0.36688632143886224,0.5174193548387097
HV_20d,ALL,LS,1550,0.10014481449520041,0.21432486778229717,0.37394080922335327,-0.3405427452220746,0.5245161290322581
HV_20d,IS,Q1,950,0.04259868462407912,0.07377982172955391,0.30629898655646637,-0.14344259765306588,0.5126315789473684
HV_20d,IS,Q2,950,0.09765218005084142,0.11993563971562538,0.6474487503044084,-0.21832493332310843,0.5231578947368422
HV_20d,IS,Q3,950,0.15235003119136703,0.1389207802646491,0.9527014672623884,-0.21359000739191147,0.5368421052631579
HV_20d,IS,Q4,950,0.08898407168999878,0.16096696909882222,0.42856041880025386,-0.31867308355893176,0.5178947368421053
HV_20d,IS,Q5,950,0.2101097912087606,0.24371346184451975,0.7800545352313927,-0.33384345056299947,0.5336842105263158
HV_20d,IS,LS,950,0.1606967119364544,0.21696367997046537,0.648480482796047,-0.3405427452220746,0.5421052631578948
HV_20d,OOS,Q1,600,0.013053378005194904,0.05934625410506758,-0.11705240877556791,-0.08695488536576035,0.525
HV_20d,OOS,Q2,600,0.042289996961456966,0.08118290708528646,0.2745651487700518,-0.12203947426536998,0.505
HV_20d,OOS,Q3,600,0.0774374180185371,0.09972170515534466,0.5759770947464459,-0.1138979085605819,0.5183333333333333
HV_20d,OOS,Q4,600,-0.023169654150247965,0.1428689698866451,-0.3021625632528853,-0.23922947101242265,0.49833333333333335
HV_20d,OOS,Q5,600,0.023832655862919827,0.2260249692919811,0.01695678081463985,-0.2774432865256672,0.49166666666666664
HV_20d,OOS,LS,600,0.010640958141844514,0.21014305111267279,-0.044536527896596644,-0.2577564998078067,0.49666666666666665
AtrRatio_14d,ALL,Q1,1557,0.014313963483748804,0.06120975488571318,-0.09289428665198528,-0.14503112208757196,0.4964675658317277
AtrRatio_14d,ALL,Q2,1557,0.05198744792429788,0.09878740234755376,0.32380088112611427,-0.2093263656355091,0.5247270391779062
AtrRatio_14d,ALL,Q3,1557,0.07636430443314901,0.1252306393927032,0.4500839787010876,-0.3184404457378368,0.5138086062941555
AtrRatio_14d,ALL,Q4,1557,0.06939098070630179,0.15766516763605526,0.3132650124744924,-0.24819338808288693,0.5183044315992292
AtrRatio_14d,ALL,Q5,1557,0.15696012161818573,0.2532145686355173,0.5408856305394071,-0.3264200597263077,0.5228002569043031
AtrRatio_14d,ALL,LS,1557,0.14064195298274917,0.23183737885138905,0.5203731752854328,-0.335765803278235,0.5343609505459217
AtrRatio_14d,IS,Q1,957,0.021915435575686537,0.06773110044088564,0.02828000081525755,-0.1250116284974031,0.5047021943573667
AtrRatio_14d,IS,Q2,957,0.08771611557556924,0.11233824764086907,0.6027877147598826,-0.15828850054484234,0.5329153605015674
AtrRatio_14d,IS,Q3,957,0.07809422408186273,0.13784997982232727,0.4214307768252087,-0.3184404457378368,0.5235109717868338
AtrRatio_14d,IS,Q4,957,0.12280768131548547,0.16397405529903314,0.6269752926949271,-0.2309817197445201,0.5318704284221526
AtrRatio_14d,IS,Q5,957,0.21227289193671228,0.2636419765138749,0.7292954425510211,-0.32331717945207583,0.5370950888192267
AtrRatio_14d,IS,LS,957,0.1862933023308888,0.23813087412283804,0.6983273502162834,-0.335765803278235,0.5538140020898642
AtrRatio_14d,OOS,Q1,600,0.0023059817753232625,0.04909087729403035,-0.36043393803492696,-0.09447604720485059,0.48333333333333334
AtrRatio_14d,OOS,Q2,600,-0.002596400805159216,0.07204231317660893,-0.3136545706099833,-0.1336131770564878,0.5116666666666667
AtrRatio_14d,OOS,Q3,600,0.07361080173231582,0.10203090648915589,0.5254368855187396,-0.1051161522271834,0.49833333333333335
AtrRatio_14d,OOS,Q4,600,-0.010619465172831632,0.14703912222393214,-0.20824026088920705,-0.21810112231790513,0.49666666666666665
AtrRatio_14d,OOS,Q5,600,0.0738917133152488,0.23576614998202639,0.22858121625753836,-0.2723028681051083,0.5
AtrRatio_14d,OOS,LS,600,0.07142173932994944,0.2215656722640999,0.23208351187478268,-0.20799526240989819,0.5033333333333333
Amihud,ALL,Q1,1569,-0.027975346249010657,0.14849692183201368,-0.32307300149482227,-0.509327934929062,0.5009560229445507
Amihud,ALL,Q2,1569,-0.017763522143346422,0.14917996586362584,-0.25314070776680747,-0.35808450972826167,0.5092415551306565
Amihud,ALL,Q3,1569,0.03941081784163991,0.14054074855396045,0.13811523021870878,-0.4000662114058666,0.5251752708731676
Amihud,ALL,Q4,1569,0.13199976607281605,0.12930015091809735,0.8661998093394346,-0.17053921853803566,0.5302740599107711
Amihud,ALL,Q5,1569,0.2690567720918331,0.15123182748381198,1.6468542120771001,-0.17449225726005413,0.5423836838750796
Amihud,ALL,LS,1569,0.3055400561373196,0.1707097687012693,1.6726638335325474,-0.19145991845012222,0.550031867431485
Amihud,IS,Q1,969,-0.03973007012140839,0.1575930616075013,-0.3790145931054447,-0.4328639107111427,0.4932920536635707
Amihud,IS,Q2,969,0.0046901843755793315,0.1607142168178064,-0.09526111583380725,-0.22632824612825808,0.5128998968008256
Amihud,IS,Q3,969,0.09570630398280788,0.1512547220032962,0.5005219207712276,-0.2570499061817154,0.5510835913312694
Amihud,IS,Q4,969,0.2117581681779499,0.13802773389631226,1.3892727408101944,-0.17053921853803566,0.5459236326109391
Amihud,IS,Q5,969,0.28205020931890634,0.15768469063596924,1.6618620885896604,-0.17449225726005413,0.5562435500515995
Amihud,IS,LS,969,0.3350289778517952,0.17489213993179306,1.801275791894677,-0.13611267784842873,0.5593395252837977
Amihud,OOS,Q1,600,-0.008688145406923198,0.13261282245248984,-0.21633010199448152,-0.2011951254127109,0.5133333333333333
Amihud,OOS,Q2,600,-0.05297570600782786,0.12847787370001762,-0.5680021306876427,-0.27391917693601064,0.5033333333333333
Amihud,OOS,Q3,600,-0.04548666900273379,0.12117694639308434,-0.5404218455076631,-0.2849497602043898,0.48333333333333334
Amihud,OOS,Q4,600,0.014083761606355827,0.11355572989167831,-0.05209986672876586,-0.1071094370079192,0.505
Amihud,OOS,Q5,600,0.24834873432463245,0.14030698118748183,1.627493745443122,-0.14676262028088105,0.52
Amihud,OOS,LS,600,0.25927916224351444,0.16384710072786626,1.4603808134568907,-0.19145991845012222,0.535
OvernightGap,ALL,Q1,1569,0.06395074413541835,0.20135426273415497,0.2182757073956058,-0.40359751221729945,0.5124282982791587
OvernightGap,ALL,Q2,1569,0.04518657605529497,0.1292046704776516,0.19493549236404317,-0.2747560867328138,0.5111536010197578
OvernightGap,ALL,Q3,1569,0.02420891146445525,0.11529784111781069,0.03650468580894424,-0.32947929643841833,0.51434034416826
OvernightGap,ALL,Q4,1569,0.11753779670239095,0.1254510486719578,0.7774968622019471,-0.20977578336069114,0.521351179094965
OvernightGap,ALL,Q5,1569,0.11603907134634905,0.17709660931530594,0.5422976290605281,-0.3763448174603239,0.5309114085404716
OvernightGap,ALL,LS,1569,0.04897030429763527,0.20376578595189654,0.14217452730005595,-0.5684319681653864,0.49075844486934356
OvernightGap,IS,Q1,969,0.06813719914402294,0.21060165435429382,0.22856990032491406,-0.40359751221729945,0.52218782249742
OvernightGap,IS,Q2,969,0.07624538065948361,0.14051018370358456,0.40029397995903926,-0.23463333265054787,0.5232198142414861
OvernightGap,IS,Q3,969,0.03165951105954834,0.12582323728632028,0.09266580093640606,-0.2592081004406226,0.5273477812177503
OvernightGap,IS,Q4,969,0.1820651659209882,0.13344243973614772,1.2144949256131368,-0.15246924227467495,0.5294117647058824
OvernightGap,IS,Q5,969,0.1629211257212424,0.18073121417222507,0.790793811549608,-0.28809964154192846,0.543859649122807
OvernightGap,IS,LS,969,0.08876280712708606,0.19734313817495555,0.34844285827726146,-0.3830495261325423,0.49432404540763675
OvernightGap,OOS,Q1,600,0.057224097324270584,0.18561969834666167,0.20053958526939955,-0.21204198739886804,0.49666666666666665
OvernightGap,OOS,Q2,600,-0.0030994229429196496,0.1085312221437855,-0.21283666106990692,-0.2200525077879537,0.49166666666666664
OvernightGap,OOS,Q3,600,0.012289182160365453,0.09598729433293138,-0.0803316511130069,-0.1782462118974163,0.49333333333333335
OvernightGap,OOS,Q4,600,0.020652418693484442,0.1112010055889575,0.005867021525830774,-0.20977578336069125,0.5083333333333333
OvernightGap,OOS,Q5,600,0.044266967358794096,0.17112624978969035,0.14180739301315584,-0.23281302822783756,0.51
OvernightGap,OOS,LS,600,-0.012258603927900458,0.21384280048414098,-0.15085195225121842,-0.35883895752067585,0.485
VolumeRatio_20d,ALL,Q1,1551,0.05036365410773391,0.14755165719254817,0.20578321304863917,-0.3408774757085893,0.4938749194068343
VolumeRatio_20d,ALL,Q2,1551,0.05634990713237298,0.11841071682171549,0.3069815647438655,-0.21807758355319007,0.5203094777562862
VolumeRatio_20d,ALL,Q3,1551,0.027221213649795573,0.1309847997274896,0.055130165216262614,-0.28410608352836797,0.5177304964539007
VolumeRatio_20d,ALL,Q4,1551,0.08445876793125184,0.1437108554350538,0.44853095986463054,-0.3004173861337819,0.5235332043842682
VolumeRatio_20d,ALL,Q5,1551,0.19168601902767213,0.17621658147466002,0.9742898062766053,-0.25710801615653556,0.5409413281753708
VolumeRatio_20d,ALL,LS,1551,0.13457520508952547,0.18512571363519031,0.6189048665346834,-0.24865859282085545,0.5261121856866537
VolumeRatio_20d,IS,Q1,951,0.06281257196546175,0.15803985621845398,0.2708973102726894,-0.30182825579825956,0.5057833859095688
VolumeRatio_20d,IS,Q2,951,0.12666600986762533,0.13082517436168364,0.8153324494927323,-0.14287330413122112,0.5499474237644585
VolumeRatio_20d,IS,Q3,951,0.04846947206810337,0.1433313101157333,0.19862702744512423,-0.28410608352836797,0.526813880126183
VolumeRatio_20d,IS,Q4,951,0.12451583241090236,0.1551698495467523,0.6735576061727893,-0.23776902396423005,0.5394321766561514
VolumeRatio_20d,IS,Q5,951,0.22850841996397575,0.1692206379273061,1.2321689748832345,-0.25710801615653556,0.544689800210305
VolumeRatio_20d,IS,LS,951,0.15594531961667957,0.1745052036194936,0.7790330419779724,-0.24865859282085545,0.5341745531019979
VolumeRatio_20d,OOS,Q1,600,0.030928945956900433,0.12931458373256408,0.0845144116111654,-0.16754700166390246,0.475
VolumeRatio_20d,OOS,Q2,600,-0.046254492322379215,0.09521979723508324,-0.6958058538898894,-0.17146154667011904,0.47333333333333333
VolumeRatio_20d,OOS,Q3,600,-0.005582131929140699,0.10866043256630664,-0.2354318984836546,-0.1635004179919074,0.5033333333333333
VolumeRatio_20d,OOS,Q4,600,0.023859693948661498,0.12342281616581327,0.03127212673122094,-0.20965498709355035,0.49833333333333335
VolumeRatio_20d,OOS,Q5,600,0.1355613806241318,0.18687203846469366,0.6183984590394737,-0.19607297421174885,0.535
VolumeRatio_20d,OOS,LS,600,0.10150675276875565,0.2009487818443867,0.40560958877508346,-0.16180787026589283,0.5133333333333333
OI_Change,ALL,Q1,1569,0.1822245775786211,0.17420038469273588,0.9312526942162708,-0.3373558995574778,0.5219885277246654
OI_Change,ALL,Q2,1569,0.04628725918121046,0.13592121127443446,0.19340071306556147,-0.3004892020248804,0.5168897386870618
OI_Change,ALL,Q3,1569,0.058853570385813736,0.13104559643743058,0.29648894310130347,-0.2156962112228088,0.5302740599107711
OI_Change,ALL,Q4,1569,0.051015049654779654,0.1309297482220978,0.23688313829312824,-0.22490209258797456,0.5092415551306565
OI_Change,ALL,Q5,1569,0.031478684080235686,0.13554672712567312,0.08468433228633504,-0.2522984794334334,0.5130656469088591
OI_Change,ALL,LS,1569,-0.1275927414444421,0.16200917952005944,-0.9110146837461617,-0.6885089497681952,0.4780114722753346
OI_Change,IS,Q1,969,0.18531811733948667,0.18067331702001108,0.9150112482917238,-0.3373558995574778,0.5263157894736842
OI_Change,IS,Q2,969,0.08128027907824253,0.14515025966799963,0.42218511505530987,-0.2930451675355724,0.5273477812177503
OI_Change,IS,Q3,969,0.12211694029096742,0.14281088088836483,0.7150501394273463,-0.20000639817872923,0.5562435500515995
OI_Change,IS,Q4,969,0.0753325302207839,0.14182586659315963,0.3901441362562605,-0.20758745959001357,0.52218782249742
OI_Change,IS,Q5,969,0.05575126195757041,0.14315024717369762,0.24974642142384879,-0.24408045162717795,0.5201238390092879
OI_Change,IS,LS,969,-0.10938224765240534,0.16728285896600284,-0.7734339815336363,-0.6608459937379922,0.49226006191950467
OI_Change,OOS,Q1,600,0.17724548026555254,0.16335294041849355,0.9626118750155687,-0.10315674973864564,0.515
OI_Change,OOS,Q2,600,-0.007860427759878719,0.11955952771259244,-0.2330255755681139,-0.16145179325763925,0.5
OI_Change,OOS,Q3,600,-0.03590114944287248,0.10925142138464006,-0.5116743446848352,-0.18171169169929513,0.48833333333333334
OI_Change,OOS,Q4,600,0.012893503022829433,0.11117226412378037,-0.0639232908781827,-0.21649659315209946,0.48833333333333334
OI_Change,OOS,Q5,600,-0.006553408169520103,0.1223504845087912,-0.2170274051314621,-0.22334348251621305,0.5016666666666667
OI_Change,OOS,LS,600,-0.1562228735694956,0.15322199169654538,-1.150114755840684,-0.3949162972647885,0.455
NdayHigh_20d,ALL,Q1,1551,0.478798706636669,0.15797804516427916,2.9041928336280565,-0.2469927324882265,0.5822050290135397
NdayHigh_20d,ALL,Q2,1551,0.1412037424747996,0.14690089612357748,0.8250714983579089,-0.24143605625712217,0.5190199871050934
NdayHigh_20d,ALL,Q3,1551,0.1132615140461577,0.14795270869049745,0.6303467835877992,-0.3079933698080277,0.5119277885235332
NdayHigh_20d,ALL,Q4,1551,0.11384358443351528,0.14328423991093683,0.6549470094676632,-0.3760152093499052,0.5415860735009671
NdayHigh_20d,ALL,Q5,1551,-0.2948959156259293,0.1472744681042472,-2.1381568691392756,-0.9026021849441555,0.4448742746615087
NdayHigh_20d,ALL,LS,1551,-0.5237632088267415,0.1853551807495079,-2.933628327128295,-0.9941619692465574,0.3771760154738878
NdayHigh_20d,IS,Q1,951,0.4809732136820666,0.16875713954551522,2.7315775493915515,-0.2469927324882265,0.5909568874868559
NdayHigh_20d,IS,Q2,951,0.21197246657296964,0.16204077328541625,1.1847170479422,-0.24143605625712217,0.544689800210305
NdayHigh_20d,IS,Q3,951,0.15234289890983588,0.15899492369397888,0.8323718508432335,-0.29574752912299174,0.5205047318611987
NdayHigh_20d,IS,Q4,951,0.20424934754876634,0.14626141594999426,1.2597262671910676,-0.31538214970723233,0.5604626708727655
NdayHigh_20d,IS,Q5,951,-0.3014266906818326,0.14467284842175554,-2.2217485463809896,-0.7812403220543102,0.4479495268138801
NdayHigh_20d,IS,LS,951,-0.5288773570885632,0.18570571255732096,-2.955629902441174,-0.9646365096524981,0.3753943217665615
NdayHigh_20d,OOS,Q1,600,0.4753586249819899,0.13933063045119237,3.2681875012508637,-0.0666780906460831,0.5683333333333334
NdayHigh_20d,OOS,Q2,600,0.037371975471125696,0.11889607922745914,0.14611058315801573,-0.16870604770893638,0.47833333333333333
NdayHigh_20d,OOS,Q3,600,0.05400417481662223,0.12857238480153785,0.26447494824888323,-0.18816179464132676,0.49833333333333335
NdayHigh_20d,OOS,Q4,600,-0.015801607371689563,0.13818133822882664,-0.25909147957738354,-0.33450402793257017,0.5116666666666667
NdayHigh_20d,OOS,Q5,600,-0.2844198569121159,0.1514236471609615,-2.010385185006945,-0.5852679379517547,0.44
NdayHigh_20d,OOS,LS,600,-0.5155437920689234,0.18494769252427964,-2.895650033582431,-0.8444540127254075,0.38
VolRegime,ALL,Q1,1491,0.03395242935267939,0.11766182158194796,0.1185807695741132,-0.335065460202413,0.5264922870556673
VolRegime,ALL,Q2,1491,0.08824834084070465,0.12482827414254709,0.54673783891916,-0.20941858629207444,0.5305164319248826
VolRegime,ALL,Q3,1491,0.08290628377484643,0.13711892524167163,0.4587717097692702,-0.25356477117577525,0.5023474178403756
VolRegime,ALL,Q4,1491,0.13516083762140463,0.14457005422512087,0.7965746311617138,-0.21822701921711907,0.5217974513749162
VolRegime,ALL,Q5,1491,0.13591590019710464,0.18130512030407114,0.6393415696296901,-0.2686393973025961,0.5164319248826291
VolRegime,ALL,LS,1491,0.09862949786182251,0.17110258140951734,0.45954594731467246,-0.23463262819201625,0.5036887994634474
VolRegime,IS,Q1,891,0.04479776269435343,0.12560729322431738,0.19742295258339837,-0.32024550051852607,0.5286195286195287
VolRegime,IS,Q2,891,0.1640523172107471,0.13848708430960302,1.0401859345143147,-0.20941858629207444,0.547699214365881
VolRegime,IS,Q3,891,0.170784905653379,0.15040240900823995,1.002543155044266,-0.21134643240859097,0.5274971941638609
VolRegime,IS,Q4,891,0.16766079253503552,0.14855904999106492,0.993953532577898,-0.21822701921711907,0.5331088664421998
VolRegime,IS,Q5,891,0.17385554950862447,0.1761259027956332,0.873554355529124,-0.2629315194956626,0.5196408529741863
VolRegime,IS,LS,891,0.12354787330603756,0.16213514332534318,0.6386516284027122,-0.23463262819201625,0.5061728395061729
VolRegime,OOS,Q1,600,0.018053634200635216,0.10485155949515204,-0.018563060089294883,-0.16865292465428472,0.5233333333333333
VolRegime,OOS,Q2,600,-0.015343092358722998,0.10097008871997537,-0.3500352709082142,-0.1525427996724129,0.505
VolRegime,OOS,Q3,600,-0.035616794856521694,0.11430299784242563,-0.48657336995826816,-0.21237920444737057,0.465
VolRegime,OOS,Q4,600,0.08855331167883818,0.1385130471956555,0.4949231358833926,-0.12647756960542045,0.505
VolRegime,OOS,Q5,600,0.08181727678431883,0.18883979284334124,0.32735302159329066,-0.20286864265708038,0.5116666666666667
VolRegime,OOS,LS,600,0.06263766379804814,0.1837316159197031,0.2320649257049055,-0.20979387061801524,0.5
RV_5d,ALL,Q1,1566,0.009676569726422501,0.0593279101709496,-0.17400630232602482,-0.14933827053115523,0.5025542784163474
RV_5d,ALL,Q2,1566,0.02193075578282433,0.09617049926600507,0.020076383065080167,-0.308495717683287,0.4987228607918263
RV_5d,ALL,Q3,1566,0.09167524696772733,0.12311850297485659,0.5821647050270334,-0.23296986704939937,0.5255427841634738
RV_5d,ALL,Q4,1566,0.01740548290702626,0.15838600106590792,-0.016380974805305582,-0.41141023787533615,0.5140485312899106
RV_5d,ALL,Q5,1566,0.2283385451523603,0.25728025147948336,0.8097727826147361,-0.3091504020957001,0.5229885057471264
RV_5d,ALL,LS,1566,0.21657584259976437,0.23776575774067246,0.826762627502345,-0.3129069286918883,0.5325670498084292
RV_5d,IS,Q1,966,0.004240029135436085,0.0651474600422998,-0.241912284137111,-0.13096719840645876,0.5093167701863354
RV_5d,IS,Q2,966,0.04453882922564456,0.10858686735489775,0.22598339765566272,-0.21131573141978088,0.5010351966873706
RV_5d,IS,Q3,966,0.13840402952674036,0.13682662614104485,0.8653581021919378,-0.23296986704939937,0.5403726708074534
RV_5d,IS,Q4,966,0.027151972563536297,0.16708592962080412,0.04280415819433424,-0.37759169758369937,0.5289855072463768
RV_5d,IS,Q5,966,0.31172083171327114,0.2649418847688613,1.1010747959605258,-0.3091504020957001,0.5351966873706004
RV_5d,IS,LS,966,0.30618867617548706,0.24215231258225817,1.1818539873670209,-0.3129069286918883,0.546583850931677
RV_5d,OOS,Q1,600,0.018491046755192864,0.0485609249811273,-0.03107340408761933,-0.08075654290639811,0.49166666666666664
RV_5d,OOS,Q2,600,-0.013448769995361376,0.07183393392576076,-0.46564023668716453,-0.1557103962148998,0.495
RV_5d,OOS,Q3,600,0.02042260275940766,0.09701675293303429,0.004355977154784396,-0.138508370811102,0.5016666666666667
RV_5d,OOS,Q4,600,0.0019067798972076666,0.14340394886140184,-0.12616960862269705,-0.22877749280961102,0.49
RV_5d,OOS,Q5,600,0.10504315659661079,0.24450492036132412,0.34781777180980994,-0.26783221474193497,0.5033333333333333
RV_5d,OOS,LS,600,0.08498742635093404,0.23053722326295376,0.2818955890555189,-0.2047598253603119,0.51
IntradayMom,ALL,Q1,1570,-0.5218159007463199,0.1815771124198042,-2.983943810570397,-0.9925652022482725,0.36178343949044584
IntradayMom,ALL,Q2,1570,-0.25743629873489493,0.12684711830117096,-2.1871706858659783,-0.8628567799979204,0.44203821656050957
IntradayMom,ALL,Q3,1570,0.09813727594490018,0.11884588735725074,0.6574672265269014,-0.21199574100866592,0.5191082802547771
IntradayMom,ALL,Q4,1570,0.40918241848195214,0.1274192685059109,3.0543451005912674,-0.15465335452640105,0.5955414012738853
IntradayMom,ALL,Q5,1570,1.5964669783520633,0.16551531099691996,9.524599077008649,-0.11822869947345616,0.6789808917197452
IntradayMom,ALL,LS,1570,4.40205239781864,0.1862700805369418,23.525261733859477,-0.1649496762056304,0.7745222929936306
IntradayMom,IS,Q1,970,-0.5189896602641457,0.19274359392062682,-2.796407648630364,-0.9520435841040419,0.36082474226804123
IntradayMom,IS,Q2,970,-0.26587891678989917,0.1366637092945209,-2.0918422181400618,-0.7269792359076608,0.4587628865979381
IntradayMom,IS,Q3,970,0.15683509887366776,0.12777705621076954,1.0708894298516072,-0.19318695881641812,0.5371134020618556
IntradayMom,IS,Q4,970,0.44917802086469005,0.13598433164832213,3.156084349295587,-0.15465335452640105,0.6030927835051546
IntradayMom,IS,Q5,970,1.7675793391402017,0.17256843615931805,10.126877069957379,-0.11822869947345616,0.6793814432989691
IntradayMom,IS,LS,970,4.723466322950647,0.19531055383515866,24.08198753519666,-0.1649496762056304,0.7804123711340206
IntradayMom,OOS,Q1,600,-0.5263500518420108,0.16205852624228864,-3.371313219430244,-0.8479868597004011,0.36333333333333334
IntradayMom,OOS,Q2,600,-0.2435824144370763,0.10922521971044258,-2.413201045837551,-0.5071817300345944,0.415
IntradayMom,OOS,Q3,600,0.00945208053008173,0.10265092072652865,-0.10275523488015156,-0.17981833985085183,0.49
IntradayMom,OOS,Q4,600,0.3468351155990048,0.11224698716411417,2.911749561002875,-0.10986986839760826,0.5833333333333334
IntradayMom,OOS,Q5,600,1.3418428073049218,0.15333517969662283,8.620610155609548,-0.056334160020381496,0.6783333333333333
IntradayMom,OOS,LS,600,3.9200240610822146,0.1706300864341621,22.85660250536792,-0.0734016242744826,0.765
VWAP_Dev,ALL,Q1,1570,7.678427048543128,0.17774233379519697,43.0872425550996,-0.1461277750478911,0.8248407643312102
VWAP_Dev,ALL,Q2,1570,1.253166781874984,0.13357981356666487,9.231685154730021,-0.12645956413480774,0.6949044585987261
VWAP_Dev,ALL,Q3,1570,0.07816361872202648,0.113066220936,0.5144208256058139,-0.17085973650401332,0.5222929936305732
VWAP_Dev,ALL,Q4,1570,-0.4987720470089969,0.12116122662730731,-4.281667175628248,-0.9892079828901506,0.343312101910828
VWAP_Dev,ALL,Q5,1570,-0.8698487894430631,0.18918305849694672,-4.703638880314564,-0.9999984063125018,0.21082802547770702
VWAP_Dev,ALL,LS,1570,-0.9855621147472893,0.20660540692673723,-4.867065822260228,-0.999999999999008,0.07070063694267516
VWAP_Dev,IS,Q1,970,8.636414555845475,0.1784932145873358,48.27306503368232,-0.1461277750478911,0.8329896907216495
VWAP_Dev,IS,Q2,970,1.3780478706525097,0.15141382676265588,8.969113981785005,-0.12645956413480774,0.7
VWAP_Dev,IS,Q3,970,0.09622466948837505,0.12619578123544628,0.604019157709884,-0.17085973650401332,0.5329896907216495
VWAP_Dev,IS,Q4,970,-0.48979555274368836,0.12807314913866005,-3.980502987333837,-0.9349106453400124,0.3731958762886598
VWAP_Dev,IS,Q5,970,-0.8773350083815517,0.19300793743905015,-4.6492129820563495,-0.9997956650156611,0.2175257731958763
VWAP_Dev,IS,LS,970,-0.9877871721790298,0.19938861424658444,-5.054386761185353,-0.9999999802738043,0.06701030927835051
VWAP_Dev,OOS,Q1,600,6.3262601176793245,0.17611599077808102,35.80742492387118,-0.03879339171050744,0.8116666666666666
VWAP_Dev,OOS,Q2,600,1.0649437797879093,0.09797948379350606,10.664924322219859,-0.02060149154108326,0.6866666666666666
VWAP_Dev,OOS,Q3,600,0.04958965094114376,0.08785577994166023,0.3367979996397787,-0.12304866224174416,0.505
VWAP_Dev,OOS,Q4,600,-0.5129525501703043,0.10914338078779642,-4.883049675788446,-0.8342378783406674,0.295
VWAP_Dev,OOS,Q5,600,-0.8567720374854653,0.1828244227887025,-4.795705213295194,-0.9922568028872232,0.2
VWAP_Dev,OOS,LS,600,-0.9810805469295105,0.2168492266835853,-4.616481978006927,-0.9999499437864894,0.07666666666666666
Amplitude,ALL,Q1,1570,0.01839022663786194,0.06956597336263537,-0.023140240613706235,-0.12496744846724994,0.510828025477707
Amplitude,ALL,Q2,1570,0.028873432340689398,0.09324492470229323,0.09516263077073585,-0.15444404240405363,0.5089171974522293
Amplitude,ALL,Q3,1570,0.04540503424011977,0.12289116061359263,0.2067279217909005,-0.29465690375276643,0.5273885350318471
Amplitude,ALL,Q4,1570,0.05462484654812294,0.15905119157101402,0.21769624110400612,-0.38742866756263983,0.5114649681528662
Amplitude,ALL,Q5,1570,0.2340493319839001,0.25770361647252077,0.830602747892459,-0.4126602663777854,0.5286624203821656
Amplitude,ALL,LS,1570,0.21178222512113964,0.24071062897931647,0.7967335133240789,-0.35864226708761526,0.5305732484076433
Amplitude,IS,Q1,970,0.014717850270032917,0.07420723185529898,-0.07118106413492226,-0.12250985886157861,0.5257731958762887
Amplitude,IS,Q2,970,0.031741491030607305,0.10490995097677158,0.11191970753286333,-0.15444404240405363,0.5164948453608248
Amplitude,IS,Q3,970,0.07749629837427685,0.13641552253779288,0.4214791491807535,-0.23345528407524163,0.5371134020618556
Amplitude,IS,Q4,970,0.08615762384835968,0.16940156150148147,0.3905372728679429,-0.3660086490734379,0.5185567010309279
Amplitude,IS,Q5,970,0.33366046601559596,0.2665029548474914,1.1769492994743371,-0.4126602663777854,0.545360824742268
Amplitude,IS,LS,970,0.3143382283534326,0.24614983437377685,1.1957685411499486,-0.35864226708761526,0.5391752577319587
Amplitude,OOS,Q1,600,0.024355250917797555,0.061382449091114205,0.07095270687770629,-0.07610097722297748,0.4866666666666667
Amplitude,OOS,Q2,600,0.024253521806900213,0.07049624247762883,0.060336858496394606,-0.08761976867085175,0.49666666666666665
Amplitude,OOS,Q3,600,-0.0044746037681250295,0.09715062028897174,-0.2519243180879959,-0.18952411418382775,0.5116666666666667
Amplitude,OOS,Q4,600,0.0055639297766247875,0.14080048208089854,-0.10252855679202008,-0.17865527409844273,0.5
Amplitude,OOS,Q5,600,0.08844715481988108,0.24280526218070914,0.2819014472962242,-0.3296168665565956,0.5016666666666667
Amplitude,OOS,LS,600,0.06257445521809424,0.2316002435922457,0.18382733350250968,-0.2971779023433847,0.5166666666666667
