date,open,high,low,close,volume,hold,settle
2019-08-16,3600.0,3735.0,3597.0,3685.0,268800,28664,3686.0
2019-08-19,3690.0,3696.0,3662.0,3673.0,52502,25730,3679.0
2019-08-20,3679.0,3679.0,3655.0,3662.0,21768,24242,3666.0
2019-08-21,3664.0,3675.0,3663.0,3671.0,15386,21638,3670.0
2019-08-22,3675.0,3675.0,3616.0,3633.0,23448,21882,3639.0
2019-08-23,3630.0,3639.0,3625.0,3635.0,7190,20906,3632.0
2019-08-26,3640.0,3664.0,3623.0,3632.0,13120,21592,3642.0
2019-08-27,3633.0,3648.0,3628.0,3641.0,6742,20960,3639.0
2019-08-28,3640.0,3643.0,3626.0,3627.0,6666,23000,3629.0
2019-08-29,3621.0,3636.0,3600.0,3623.0,7224,23748,3624.0
2019-08-30,3624.0,3640.0,3611.0,3619.0,11028,24854,3626.0
2019-09-02,3626.0,3635.0,3619.0,3623.0,8028,25300,3626.0
2019-09-03,3626.0,3626.0,3611.0,3618.0,5222,25322,3618.0
2019-09-04,3620.0,3635.0,3601.0,3625.0,14308,26442,3618.0
2019-09-05,3635.0,3635.0,3616.0,3618.0,7620,26050,3622.0
2019-09-06,3617.0,3709.0,3616.0,3658.0,60784,32904,3663.0
2019-09-09,3663.0,3673.0,3623.0,3660.0,17402,33122,3651.0
2019-09-10,3663.0,3672.0,3645.0,3652.0,6618,33064,3654.0
2019-09-11,3653.0,3664.0,3630.0,3637.0,6696,31990,3643.0
2019-09-12,3635.0,3642.0,3628.0,3631.0,4166,31176,3635.0
2019-09-16,3635.0,3651.0,3629.0,3639.0,4980,31416,3644.0
2019-09-17,3642.0,3685.0,3639.0,3673.0,11958,32256,3658.0
2019-09-18,3681.0,3685.0,3656.0,3670.0,11186,31138,3669.0
2019-09-19,3666.0,3676.0,3663.0,3671.0,4758,29970,3670.0
2019-09-20,3668.0,3692.0,3645.0,3667.0,11402,28356,3671.0
2019-09-23,3664.0,3678.0,3662.0,3670.0,4758,27460,3671.0
2019-09-24,3666.0,3677.0,3655.0,3673.0,2942,26832,3667.0
2019-09-25,3666.0,3674.0,3645.0,3655.0,3610,26030,3657.0
2019-09-26,3651.0,3680.0,3650.0,3665.0,3314,25876,3667.0
2019-09-27,3650.0,3668.0,3640.0,3645.0,3812,24018,3648.0
2019-09-30,3642.0,3654.0,3638.0,3639.0,1928,23088,3645.0
2019-10-08,3636.0,3649.0,3630.0,3642.0,1454,22714,3638.0
2019-10-09,3642.0,3660.0,3640.0,3648.0,1762,22348,3648.0
2019-10-10,3655.0,3655.0,3643.0,3648.0,894,22356,3646.0
2019-10-11,3650.0,3650.0,3639.0,3641.0,1108,22272,3643.0
2019-10-14,3641.0,3648.0,3631.0,3641.0,1858,21648,3641.0
2019-10-15,3634.0,3649.0,3634.0,3634.0,1006,21720,3639.0
2019-10-16,3631.0,3643.0,3630.0,3637.0,1198,21184,3635.0
2019-10-17,3642.0,3643.0,3632.0,3639.0,668,20982,3636.0
2019-10-18,3635.0,3640.0,3634.0,3639.0,1240,20754,3637.0
2019-10-21,3636.0,3640.0,3630.0,3630.0,1008,20394,3634.0
2019-10-22,3630.0,3635.0,3609.0,3618.0,6528,16792,3618.0
2019-10-23,3616.0,3629.0,3610.0,3618.0,1394,16604,3618.0
2019-10-24,3629.0,3640.0,3609.0,3624.0,846,16546,3620.0
2019-10-25,3619.0,3627.0,3613.0,3617.0,710,16262,3619.0
2019-10-28,3617.0,3625.0,3617.0,3620.0,576,16136,3621.0
2019-10-29,3618.0,3624.0,3614.0,3622.0,944,15986,3619.0
2019-10-30,3624.0,3624.0,3617.0,3620.0,780,15916,3619.0
2019-10-31,3620.0,3649.0,3618.0,3629.0,2760,15406,3631.0
2019-11-01,3628.0,3630.0,3620.0,3624.0,728,15324,3623.0
2019-11-04,3624.0,3630.0,3621.0,3621.0,870,15170,3624.0
2019-11-05,3624.0,3631.0,3596.0,3615.0,5278,13270,3612.0
2019-11-06,3615.0,3620.0,3610.0,3620.0,1284,12588,3615.0
2019-11-07,3620.0,3626.0,3610.0,3619.0,910,12308,3616.0
2019-11-08,3619.0,3624.0,3610.0,3610.0,1448,11840,3617.0
2019-11-11,3610.0,3617.0,3603.0,3603.0,630,11766,3610.0
2019-11-12,3605.0,3614.0,3605.0,3605.0,242,11716,3608.0
2019-11-13,3610.0,3616.0,3608.0,3610.0,338,11588,3612.0
2019-11-14,3608.0,3614.0,3606.0,3612.0,254,11520,3611.0
2019-11-15,3611.0,3625.0,3607.0,3612.0,1024,11394,3617.0
2019-11-18,3611.0,3626.0,3610.0,3621.0,946,10984,3620.0
2019-11-19,3622.0,3756.0,3589.0,3620.0,1406,10508,3618.0
2019-11-20,3620.0,3620.0,3612.0,3619.0,472,10502,3615.0
2019-11-21,3614.0,3619.0,3603.0,3613.0,1110,10638,3609.0
2019-11-22,3615.0,3615.0,3603.0,3603.0,394,10644,3607.0
2019-11-25,3608.0,3613.0,3604.0,3608.0,716,10688,3607.0
2019-11-26,3609.0,3614.0,3605.0,3608.0,578,10546,3608.0
2019-11-27,3605.0,3609.0,3591.0,3593.0,618,10770,3600.0
2019-11-28,3598.0,3598.0,3565.0,3565.0,1686,10482,3582.0
2019-11-29,3576.0,3577.0,3563.0,3575.0,954,10220,3568.0
2019-12-02,3572.0,3577.0,3534.0,3544.0,2060,10116,3554.0
2019-12-03,3536.0,3544.0,3502.0,3508.0,1338,10002,3520.0
2019-12-04,3508.0,3515.0,3435.0,3439.0,4782,10036,3467.0
2019-12-05,3440.0,3461.0,3417.0,3423.0,4706,10300,3428.0
2019-12-06,3426.0,3449.0,3425.0,3436.0,2722,9700,3438.0
2019-12-09,3432.0,3448.0,3419.0,3419.0,1682,9170,3439.0
2019-12-10,3429.0,3450.0,3310.0,3418.0,1808,8986,0.0
2019-12-11,3423.0,3424.0,3383.0,3400.0,1218,8982,3396.0
2019-12-12,3406.0,3406.0,3390.0,3396.0,480,8840,3396.0
2019-12-13,3460.0,3462.0,3443.0,3455.0,668,8984,3456.0
2019-12-16,3410.0,3418.0,3380.0,3403.0,1430,7974,3395.0
2019-12-17,3463.0,3475.0,3460.0,3463.0,1088,8942,3464.0
2019-12-18,3462.0,3471.0,3451.0,3451.0,832,9020,3457.0
2019-12-19,3346.0,3346.0,3297.0,3297.0,3102,6430,3316.0
2019-12-20,3298.0,3308.0,3211.0,3216.0,5172,5000,3246.0
2019-12-23,3401.0,3425.0,3381.0,3417.0,5542,12788,0.0
2019-12-24,3428.0,3428.0,3403.0,3411.0,2028,12822,3411.0
2019-12-25,3407.0,3407.0,3277.0,3367.0,28958,15666,3342.0
2019-12-26,3360.0,3380.0,3351.0,3370.0,4454,15674,3369.0
2019-12-27,3384.0,3396.0,3364.0,3375.0,4800,15240,0.0
2019-12-30,3371.0,3383.0,3367.0,3380.0,2846,15000,3376.0
2019-12-31,3376.0,3376.0,3331.0,3367.0,4988,15168,3363.0
2020-01-02,3369.0,3373.0,3353.0,3359.0,989,7681,3364.0
2020-01-03,3353.0,3370.0,3341.0,3348.0,1241,7599,3356.0
2020-01-06,3344.0,3355.0,3325.0,3326.0,1290,7904,3339.0
2020-01-07,3321.0,3340.0,3321.0,3338.0,1398,8134,3332.0
2020-01-08,3333.0,3370.0,3326.0,3349.0,1946,8151,3353.0
2020-01-09,3347.0,3358.0,3339.0,3339.0,1428,8318,3348.0
2020-01-10,3339.0,3357.0,3339.0,3348.0,796,8295,3349.0
2020-01-13,3350.0,3362.0,3342.0,3361.0,1431,8328,0.0
2020-01-14,3356.0,3373.0,3352.0,3362.0,1490,8394,3360.0
2020-01-15,3360.0,3364.0,3340.0,3341.0,1190,8501,3348.0
2020-01-16,3348.0,3352.0,3341.0,3347.0,883,8692,3347.0
2020-01-17,3348.0,3360.0,3338.0,3339.0,1644,8797,3343.0
2020-01-20,3343.0,3355.0,3334.0,3340.0,1179,8624,3343.0
2020-01-21,3338.0,3348.0,3338.0,3340.0,614,8485,3342.0
2020-01-22,3347.0,3347.0,3324.0,3325.0,1114,8282,3331.0
2020-01-23,3315.0,3334.0,3312.0,3327.0,942,8129,3324.0
2020-02-03,3324.0,3405.0,3280.0,3369.0,8395,8336,3368.0
2020-02-04,3380.0,3397.0,3362.0,3383.0,5098,8111,3379.0
2020-02-05,3385.0,3395.0,3357.0,3384.0,3491,8104,0.0
2020-02-06,3384.0,3404.0,3378.0,3401.0,3797,8065,0.0
2020-02-07,3405.0,3428.0,3390.0,3418.0,5722,8809,0.0
2020-02-10,3425.0,3429.0,3365.0,3413.0,2741,8775,0.0
2020-02-11,3414.0,3420.0,3388.0,3394.0,1662,8729,3399.0
2020-02-12,3390.0,3410.0,3390.0,3396.0,1556,8640,3399.0
2020-02-13,3399.0,3410.0,3395.0,3400.0,1434,8681,0.0
2020-02-14,3407.0,3407.0,3351.0,3383.0,2894,7753,3380.0
2020-02-17,3388.0,3515.0,3388.0,3515.0,30073,14200,3486.0
2020-02-18,3490.0,3496.0,3445.0,3450.0,18650,12026,0.0
2020-02-19,3455.0,3480.0,3454.0,3460.0,5451,11570,0.0
2020-02-20,3444.0,3463.0,3438.0,3447.0,4329,11000,0.0
2020-02-21,3454.0,3464.0,3443.0,3445.0,2623,10840,0.0
2020-02-24,3445.0,3552.0,3445.0,3476.0,14104,10682,3509.0
2020-02-25,3470.0,3484.0,3440.0,3465.0,3716,10401,0.0
2020-02-26,3471.0,3501.0,3450.0,3466.0,5379,10451,0.0
2020-02-27,3478.0,3479.0,3452.0,3456.0,2528,9915,0.0
2020-02-28,3456.0,3461.0,3415.0,3425.0,5247,8193,0.0
2020-03-02,3430.0,3474.0,3398.0,3451.0,3904,8406,0.0
2020-03-03,3456.0,3476.0,3444.0,3455.0,2996,8476,0.0
2020-03-04,3460.0,3482.0,3445.0,3454.0,3783,8615,0.0
2020-03-05,3465.0,3469.0,3447.0,3464.0,1786,8283,0.0
2020-03-06,3470.0,3480.0,3453.0,3458.0,2448,8088,0.0
2020-03-09,3452.0,3453.0,3380.0,3414.0,3851,7006,0.0
2020-03-10,3438.0,3440.0,3394.0,3410.0,1516,6940,3409.0
2020-03-11,3410.0,3413.0,3382.0,3386.0,1915,6863,0.0
2020-03-12,3366.0,3384.0,3353.0,3373.0,1709,6260,0.0
2020-03-13,3365.0,3378.0,3348.0,3355.0,1664,5942,0.0
2020-03-16,3355.0,3380.0,3341.0,3343.0,1311,5893,0.0
2020-03-17,3358.0,3358.0,3301.0,3334.0,2198,5529,0.0
2020-03-18,3326.0,3360.0,3323.0,3333.0,1576,5142,3337.0
2020-03-19,3333.0,3358.0,3305.0,3346.0,1888,4671,0.0
2020-03-20,3346.0,3358.0,3323.0,3342.0,965,4460,0.0
2020-03-23,3334.0,3428.0,3334.0,3404.0,5573,4430,0.0
2020-03-24,3390.0,3432.0,3366.0,3382.0,2019,4223,0.0
2020-03-25,3382.0,3414.0,3382.0,3404.0,1126,4201,0.0
2020-03-26,3460.0,3574.0,3460.0,3561.0,11677,7801,0.0
2020-03-27,3560.0,3630.0,3507.0,3539.0,12044,8964,0.0
2020-03-30,3579.0,3700.0,3560.0,3674.0,23971,13974,0.0
2020-03-31,3670.0,3682.0,3605.0,3626.0,16398,16568,0.0
2020-04-01,3629.0,3640.0,3541.0,3558.0,18608,16405,0.0
2020-04-02,3560.0,3618.0,3503.0,3569.0,19139,17441,0.0
2020-04-03,3584.0,3608.0,3541.0,3563.0,10587,18306,0.0
2020-04-07,3573.0,3597.0,3533.0,3587.0,12683,19741,0.0
2020-04-08,3568.0,3584.0,3545.0,3552.0,9344,19781,0.0
2020-04-09,3558.0,3563.0,3544.0,3549.0,6099,19648,0.0
2020-04-10,3550.0,3588.0,3531.0,3553.0,10152,19442,0.0
2020-04-13,3540.0,3540.0,3470.0,3476.0,17139,22908,0.0
2020-04-14,3479.0,3480.0,3457.0,3473.0,6865,23268,0.0
2020-04-15,3488.0,3538.0,3463.0,3469.0,6905,23425,0.0
2020-04-16,3477.0,3489.0,3462.0,3475.0,5657,23161,0.0
2020-04-17,3474.0,3491.0,3458.0,3460.0,5743,23402,0.0
2020-04-20,3471.0,3508.0,3462.0,3488.0,10573,24538,0.0
2020-04-21,3490.0,3495.0,3423.0,3476.0,9079,24052,0.0
2020-04-22,3495.0,3499.0,3461.0,3480.0,8694,24807,0.0
2020-04-23,3488.0,3514.0,3484.0,3509.0,11070,26166,0.0
2020-04-24,3511.0,3524.0,3488.0,3492.0,10713,27248,0.0
2020-04-27,3500.0,3500.0,3444.0,3456.0,9965,28140,0.0
2020-04-28,3459.0,3460.0,3438.0,3442.0,5878,27302,0.0
2020-04-29,3436.0,3455.0,3428.0,3440.0,5342,26578,0.0
2020-04-30,3441.0,3454.0,3432.0,3434.0,4149,26403,0.0
2020-05-06,3441.0,3448.0,3420.0,3436.0,3650,25899,0.0
2020-05-07,3435.0,3457.0,3433.0,3442.0,6458,26648,0.0
2020-05-08,3449.0,3449.0,3355.0,3435.0,6804,25689,0.0
2020-05-11,3439.0,3446.0,3423.0,3423.0,3383,25996,0.0
2020-05-12,3422.0,3432.0,3409.0,3411.0,3347,25597,0.0
2020-05-13,3410.0,3420.0,3402.0,3412.0,2522,25579,0.0
2020-05-14,3415.0,3416.0,3388.0,3406.0,4029,24787,0.0
2020-05-15,3403.0,3434.0,3399.0,3426.0,6866,23944,0.0
2020-05-18,3427.0,3433.0,3401.0,3413.0,5476,23537,0.0
2020-05-19,3410.0,3435.0,3410.0,3431.0,5209,24134,0.0
2020-05-20,3431.0,3448.0,3424.0,3444.0,6127,25034,0.0
2020-05-21,3440.0,3447.0,3430.0,3433.0,5406,24644,0.0
2020-05-22,3432.0,3437.0,3399.0,3402.0,5655,24147,0.0
2020-05-25,3406.0,3420.0,3402.0,3410.0,2375,23774,0.0
2020-05-26,3409.0,3418.0,3406.0,3412.0,2131,23716,0.0
2020-05-27,3414.0,3429.0,3404.0,3426.0,4309,23265,0.0
2020-05-28,3428.0,3483.0,3424.0,3455.0,18572,25578,0.0
2020-05-29,3460.0,3463.0,3438.0,3450.0,9564,25271,0.0
2020-06-01,3450.0,3469.0,3443.0,3446.0,7833,25177,0.0
2020-06-02,3454.0,3465.0,3446.0,3452.0,6563,25324,0.0
2020-06-03,3448.0,3454.0,3441.0,3444.0,4665,24751,0.0
2020-06-04,3446.0,3448.0,3433.0,3434.0,5879,23965,0.0
2020-06-05,3431.0,3459.0,3431.0,3449.0,6338,23944,0.0
2020-06-08,3450.0,3462.0,3437.0,3461.0,5203,23846,0.0
2020-06-09,3460.0,3470.0,3435.0,3444.0,6932,23135,0.0
2020-06-10,3445.0,3453.0,3443.0,3448.0,3188,22162,0.0
2020-06-11,3455.0,3470.0,3448.0,3453.0,10750,22701,0.0
2020-06-12,3455.0,3456.0,3435.0,3442.0,5019,21402,0.0
2020-06-15,3449.0,3460.0,3444.0,3460.0,6576,21762,0.0
2020-06-16,3462.0,3465.0,3451.0,3458.0,4954,22500,0.0
2020-06-17,3463.0,3464.0,3444.0,3448.0,3478,21699,0.0
2020-06-18,3448.0,3453.0,3446.0,3450.0,1789,21519,0.0
2020-06-19,3449.0,3453.0,3438.0,3438.0,3169,20931,0.0
2020-06-22,3442.0,3450.0,3424.0,3427.0,4658,20719,0.0
2020-06-23,3428.0,3428.0,3408.0,3412.0,6378,22631,0.0
2020-06-24,3412.0,3415.0,3392.0,3398.0,7179,22153,0.0
2020-06-29,3404.0,3435.0,3400.0,3423.0,4748,21331,0.0
2020-06-30,3425.0,3425.0,3412.0,3419.0,2106,21102,0.0
2020-07-01,3420.0,3423.0,3413.0,3414.0,2733,20750,0.0
2020-07-02,3414.0,3425.0,3414.0,3422.0,3203,20339,0.0
2020-07-03,3422.0,3476.0,3422.0,3425.0,3020,4683,0.0
2020-07-06,3420.0,3432.0,3415.0,3426.0,4789,20639,0.0
2020-07-07,3456.0,3462.0,3451.0,3455.0,2259,1727,0.0
2020-07-08,3425.0,3431.0,3425.0,3427.0,3111,20797,0.0
2020-07-09,3436.0,3454.0,3436.0,3445.0,5093,8142,0.0
2020-07-10,3438.0,3448.0,3425.0,3435.0,7072,18433,0.0
2020-07-13,3438.0,3456.0,3427.0,3455.0,7336,18950,0.0
2020-07-14,3485.0,3500.0,3470.0,3478.0,10187,10859,0.0
2020-07-15,3478.0,3478.0,3461.0,3471.0,2472,10965,0.0
2020-07-16,3444.0,3446.0,3428.0,3431.0,4106,17320,0.0
2020-07-17,3431.0,3433.0,3426.0,3427.0,3499,16306,0.0
2020-07-20,3428.0,3448.0,3427.0,3443.0,4189,16255,3438.0
2020-07-21,3440.0,3450.0,3430.0,3438.0,5540,16220,3439.0
2020-07-22,3436.0,3445.0,3425.0,3434.0,4412,15745,3436.0
2020-07-23,3436.0,3444.0,3433.0,3442.0,5118,15288,3438.0
2020-07-24,3483.0,3512.0,3483.0,3498.0,5285,12392,3491.0
2020-07-27,3460.0,3478.0,3426.0,3466.0,15507,18068,3461.0
2020-07-28,3470.0,3613.0,3468.0,3516.0,90137,25671,3548.0
2020-07-29,3520.0,3539.0,3495.0,3509.0,22223,24034,3508.0
2020-07-30,3510.0,3536.0,3500.0,3513.0,18457,23013,3516.0
2020-07-31,3505.0,3527.0,3501.0,3517.0,13514,21647,3514.0
2020-08-03,3535.0,3535.0,3507.0,3524.0,9710,21195,3518.0
2020-08-04,3540.0,3542.0,3512.0,3523.0,12121,14776,3528.0
2020-08-05,3518.0,3529.0,3499.0,3503.0,13371,15244,3509.0
2020-08-06,3502.0,3512.0,3482.0,3506.0,6287,15044,3498.0
2020-08-07,3518.0,3536.0,3510.0,3510.0,6024,6097,3524.0
2020-08-10,3497.0,3525.0,3492.0,3514.0,19428,15176,3512.0
2020-08-11,3512.0,3532.0,3475.0,3476.0,22746,15840,3492.0
2020-08-12,3475.0,3475.0,3441.0,3455.0,22448,14819,3451.0
2020-08-13,3462.0,3474.0,3445.0,3460.0,21449,14773,3462.0
2020-08-14,3463.0,3484.0,3454.0,3479.0,19463,15695,3468.0
2020-08-17,3480.0,3487.0,3464.0,3467.0,27830,16081,3472.0
2020-08-18,3471.0,3475.0,3449.0,3459.0,11415,16445,3465.0
2020-08-19,3465.0,3465.0,3451.0,3457.0,8668,15983,3456.0
2020-08-20,3463.0,3466.0,3455.0,3461.0,13321,15355,3461.0
2020-08-21,3460.0,3470.0,3458.0,3461.0,14223,15997,3463.0
2020-08-24,3460.0,3465.0,3450.0,3456.0,14865,14742,3456.0
2020-08-25,3458.0,3463.0,3453.0,3457.0,8583,14424,3457.0
2020-08-26,3461.0,3479.0,3458.0,3475.0,16612,13772,3470.0
2020-08-27,3467.0,3481.0,3464.0,3465.0,14338,13859,3471.0
2020-08-28,3462.0,3476.0,3435.0,3441.0,16471,13110,3466.0
2020-08-31,3446.0,3446.0,3412.0,3422.0,16970,12371,3424.0
2020-09-01,3430.0,3430.0,3415.0,3418.0,5059,10836,3417.0
2020-09-02,3362.0,3529.0,3362.0,3506.0,4826,1436,3513.0
2020-09-03,3491.0,3492.0,3450.0,3455.0,14507,10251,3472.0
2020-09-04,3455.0,3480.0,3422.0,3469.0,16123,10728,3458.0
2020-09-07,3448.0,3481.0,3430.0,3473.0,16171,11381,3469.0
2020-09-08,3473.0,3483.0,3465.0,3471.0,10276,12217,3471.0
2020-09-09,3417.0,3443.0,3401.0,3408.0,13363,8732,3419.0
2020-09-10,3469.0,3471.0,3434.0,3456.0,12988,13314,3456.0
2020-09-11,3459.0,3482.0,3451.0,3461.0,12881,13601,3460.0
2020-09-14,3461.0,3488.0,3459.0,3487.0,29022,14633,3474.0
2020-09-15,3488.0,3503.0,3472.0,3476.0,26029,15551,3483.0
2020-09-16,3477.0,3489.0,3474.0,3478.0,16475,15816,3480.0
2020-09-17,3480.0,3481.0,3452.0,3456.0,33015,16275,3473.0
2020-09-18,3452.0,3483.0,3451.0,3476.0,25201,16582,3466.0
2020-09-21,3476.0,3482.0,3462.0,3469.0,25197,18144,3468.0
2020-09-22,3468.0,3475.0,3441.0,3468.0,27023,18493,3455.0
2020-09-23,3465.0,3480.0,3449.0,3450.0,20102,17513,3465.0
2020-09-24,3441.0,3458.0,3441.0,3455.0,16617,17684,3453.0
2020-09-25,3457.0,3459.0,3446.0,3453.0,14644,17611,3450.0
2020-09-28,3452.0,3470.0,3452.0,3455.0,23198,18141,3462.0
2020-09-29,3451.0,3457.0,3446.0,3455.0,11073,18187,3452.0
2020-09-30,3454.0,3461.0,3447.0,3457.0,5047,17827,3454.0
2020-10-09,3478.0,3480.0,3458.0,3465.0,5912,18635,3464.0
2020-10-12,3464.0,3474.0,3401.0,3447.0,17236,20542,3452.0
2020-10-13,3450.0,3464.0,3422.0,3428.0,23834,21096,3441.0
2020-10-14,3436.0,3438.0,3424.0,3432.0,18224,21579,3431.0
2020-10-15,3431.0,3443.0,3430.0,3435.0,24858,22089,3435.0
2020-10-16,3433.0,3438.0,3422.0,3434.0,23003,22083,3430.0
2020-10-19,3430.0,3465.0,3430.0,3464.0,30280,23364,3449.0
2020-10-20,3464.0,3469.0,3421.0,3438.0,28359,22310,3445.0
2020-10-21,3439.0,3458.0,3431.0,3455.0,22208,21695,3449.0
2020-10-22,3456.0,3465.0,3445.0,3448.0,22110,20318,3454.0
2020-10-23,3452.0,3524.0,3442.0,3514.0,42368,19062,3477.0
2020-10-26,3514.0,3518.0,3471.0,3491.0,39113,18229,3501.0
2020-10-27,3491.0,3567.0,3488.0,3491.0,44150,15522,3523.0
2020-10-28,3481.0,3506.0,3475.0,3497.0,19008,13481,3489.0
2020-10-29,3483.0,3503.0,3471.0,3481.0,11254,11895,3482.0
2020-10-30,3478.0,3496.0,3474.0,3485.0,10154,11163,3483.0
2020-11-02,3486.0,3495.0,3465.0,3485.0,7540,8231,3480.0
2020-11-03,3546.0,3562.0,3540.0,3554.0,16024,13819,3549.0
2020-11-04,3554.0,3558.0,3537.0,3550.0,9919,14203,3547.0
2020-11-05,3551.0,3569.0,3550.0,3554.0,12249,13744,3559.0
2020-11-06,3549.0,3561.0,3495.0,3549.0,10493,13022,3547.0
2020-11-09,3560.0,3589.0,3548.0,3576.0,21469,13695,3569.0
2020-11-10,3562.0,3584.0,3562.0,3570.0,13652,13562,3572.0
2020-11-11,3570.0,3577.0,3567.0,3571.0,16735,13663,3571.0
2020-11-12,3565.0,3570.0,3561.0,3565.0,14606,13818,3563.0
2020-11-13,3565.0,3575.0,3563.0,3567.0,19201,13794,3567.0
2020-11-16,3567.0,3568.0,3548.0,3548.0,21803,12345,3562.0
2020-11-17,3548.0,3557.0,3534.0,3538.0,9240,11877,3544.0
2020-11-18,3635.0,3651.0,3625.0,3651.0,13894,4490,3638.0
2020-11-19,3660.0,3660.0,3639.0,3655.0,15795,4523,3646.0
2020-11-20,3559.0,3569.0,3549.0,3549.0,9917,12580,3554.0
2020-11-23,3640.0,3649.0,3631.0,3638.0,10273,5008,3642.0
2020-11-24,3593.0,3624.0,3583.0,3585.0,20224,14404,3595.0
2020-11-25,3580.0,3590.0,3571.0,3577.0,16689,15438,3581.0
2020-11-26,3572.0,3582.0,3552.0,3571.0,19280,16995,3565.0
2020-11-27,3567.0,3593.0,3567.0,3591.0,14918,17523,3581.0
2020-11-30,3591.0,3613.0,3566.0,3570.0,14091,18417,3584.0
2020-12-01,3575.0,3585.0,3555.0,3569.0,11053,18387,3566.0
2020-12-02,3568.0,3585.0,3564.0,3575.0,8634,17587,3571.0
2020-12-03,3644.0,3669.0,3634.0,3660.0,13466,1438,3648.0
2020-12-04,3621.0,3683.0,3620.0,3639.0,31956,22418,3648.0
2020-12-07,3639.0,3665.0,3610.0,3621.0,14338,21858,3638.0
2020-12-08,3622.0,3640.0,3615.0,3635.0,12242,21481,3626.0
2020-12-09,3633.0,3650.0,3605.0,3611.0,14800,20496,3621.0
2020-12-10,3609.0,3620.0,3604.0,3612.0,13830,20603,3612.0
2020-12-11,3606.0,3616.0,3592.0,3603.0,10877,20100,3604.0
2020-12-14,3595.0,3613.0,3595.0,3610.0,5108,19949,3605.0
2020-12-15,3615.0,3615.0,3580.0,3604.0,17001,20243,3604.0
2020-12-16,3608.0,3608.0,3586.0,3590.0,17570,20817,3597.0
2020-12-17,3593.0,3594.0,3582.0,3587.0,11172,21398,3587.0
2020-12-18,3620.0,3660.0,3617.0,3632.0,22832,12989,3624.0
2020-12-21,3620.0,3620.0,3591.0,3612.0,28570,22067,3609.0
2020-12-22,3611.0,3625.0,3605.0,3624.0,31130,22152,3615.0
2020-12-23,3626.0,3639.0,3612.0,3618.0,32097,21862,3619.0
2020-12-24,3618.0,3622.0,3606.0,3607.0,27410,21517,3612.0
2020-12-25,3609.0,3619.0,3598.0,3603.0,24612,21339,3611.0
2020-12-28,3609.0,3624.0,3587.0,3624.0,28029,21587,3605.0
2020-12-29,3625.0,3657.0,3600.0,3606.0,42321,19783,3624.0
2020-12-30,3609.0,3616.0,3597.0,3611.0,20314,16796,3606.0
2020-12-31,3611.0,3626.0,3603.0,3622.0,17246,14898,3614.0
2021-01-04,3630.0,3637.0,3617.0,3627.0,7944,12565,3625.0
2021-01-05,3660.0,3795.0,3650.0,3652.0,11981,8300,3657.0
2021-01-06,3655.0,3660.0,3642.0,3647.0,14792,8190,3650.0
2021-01-07,3646.0,3696.0,3640.0,3681.0,26750,8519,3673.0
2021-01-08,3678.0,3703.0,3671.0,3696.0,20491,9651,3687.0
2021-01-11,3699.0,3784.0,3699.0,3744.0,32530,10406,3734.0
2021-01-12,3745.0,3757.0,3686.0,3727.0,18426,9602,3720.0
2021-01-13,3731.0,3755.0,3708.0,3718.0,25593,9988,3734.0
2021-01-14,3680.0,3738.0,3680.0,3709.0,15078,9453,3720.0
2021-01-15,3711.0,3722.0,3700.0,3708.0,17097,9384,3711.0
2021-01-18,3712.0,3760.0,3706.0,3759.0,31209,10658,3741.0
2021-01-19,3760.0,3772.0,3729.0,3738.0,27444,10280,3741.0
2021-01-20,3738.0,3751.0,3707.0,3726.0,37533,10392,3724.0
2021-01-21,3726.0,3726.0,3698.0,3717.0,20127,11333,3715.0
2021-01-22,3719.0,3719.0,3650.0,3653.0,20102,10968,3674.0
2021-01-25,3641.0,3668.0,3639.0,3641.0,13688,11453,3652.0
2021-01-26,3636.0,3660.0,3631.0,3644.0,13179,12342,3650.0
2021-01-27,3645.0,3656.0,3640.0,3644.0,12310,12861,3649.0
2021-01-28,3644.0,3648.0,3620.0,3633.0,18579,13342,3638.0
2021-01-29,3636.0,3647.0,3630.0,3642.0,15415,13874,3638.0
2021-02-01,3625.0,3631.0,3620.0,3627.0,3965,3179,3624.0
2021-02-02,3655.0,3660.0,3646.0,3655.0,15500,14928,3654.0
2021-02-03,3652.0,3668.0,3649.0,3661.0,23723,16358,3659.0
2021-02-04,3664.0,3665.0,3647.0,3658.0,22005,15597,3657.0
2021-02-05,3659.0,3670.0,3657.0,3665.0,20305,14481,3662.0
2021-02-08,3664.0,3668.0,3653.0,3654.0,15303,14099,3657.0
2021-02-09,3654.0,3659.0,3637.0,3646.0,14291,12358,3651.0
2021-02-10,3646.0,3658.0,3628.0,3657.0,12503,12583,3647.0
2021-02-18,3657.0,3699.0,3634.0,3643.0,8865,12682,3647.0
2021-02-19,3645.0,3655.0,3641.0,3643.0,17032,12623,3647.0
2021-02-22,3644.0,3652.0,3639.0,3639.0,17892,12938,3646.0
2021-02-23,3639.0,3650.0,3639.0,3649.0,15900,12573,3643.0
2021-02-24,3650.0,3653.0,3636.0,3638.0,18442,12020,3643.0
2021-02-25,3639.0,3645.0,3619.0,3623.0,19059,10120,3634.0
2021-02-26,3623.0,3644.0,3610.0,3641.0,14609,9944,3624.0
2021-03-01,3645.0,3650.0,3618.0,3618.0,5683,7378,3632.0
2021-03-02,3650.0,3653.0,3593.0,3598.0,16897,13202,3617.0
2021-03-03,3599.0,3627.0,3595.0,3626.0,13459,13875,3608.0
2021-03-04,3622.0,3631.0,3602.0,3612.0,10801,14319,3616.0
2021-03-05,3615.0,3615.0,3581.0,3581.0,14744,15628,3598.0
2021-03-08,3586.0,3609.0,3580.0,3597.0,16396,15109,3597.0
2021-03-09,3619.0,3625.0,3601.0,3614.0,15645,14779,3610.0
2021-03-10,3615.0,3629.0,3612.0,3621.0,9366,15028,3620.0
2021-03-11,3622.0,3641.0,3618.0,3641.0,11497,15134,3631.0
2021-03-12,3642.0,3642.0,3625.0,3628.0,9671,15182,3632.0
2021-03-15,3627.0,3649.0,3621.0,3648.0,11070,14898,3634.0
2021-03-16,3644.0,3654.0,3630.0,3649.0,7911,14850,3640.0
2021-03-17,3649.0,3663.0,3643.0,3648.0,11492,14749,3653.0
2021-03-18,3645.0,3665.0,3640.0,3652.0,11091,14804,3653.0
2021-03-19,3653.0,3689.0,3649.0,3682.0,18924,15843,3671.0
2021-03-22,3675.0,3682.0,3606.0,3641.0,19761,14728,3644.0
2021-03-23,3645.0,3672.0,3621.0,3671.0,16804,15680,3655.0
2021-03-24,3671.0,3672.0,3585.0,3586.0,22789,14644,3611.0
2021-03-25,3587.0,3598.0,3583.0,3586.0,18083,14714,3592.0
2021-03-26,3592.0,3595.0,3562.0,3579.0,22496,14946,3576.0
2021-03-29,3580.0,3608.0,3568.0,3602.0,21211,13302,3591.0
2021-03-30,3592.0,3607.0,3563.0,3565.0,24581,12023,3573.0
2021-03-31,3449.0,3573.0,3449.0,3554.0,19359,9011,3561.0
2021-04-01,3546.0,3574.0,3534.0,3540.0,5088,5032,3548.0
2021-04-02,3610.0,3629.0,3600.0,3613.0,7432,6217,3614.0
2021-04-06,3572.0,3581.0,3552.0,3564.0,9678,12428,3567.0
2021-04-07,3560.0,3573.0,3555.0,3561.0,14300,12827,3563.0
2021-04-08,3556.0,3598.0,3556.0,3578.0,19511,12506,3577.0
2021-04-09,3577.0,3593.0,3568.0,3588.0,16094,13484,3577.0
2021-04-12,3580.0,3635.0,3580.0,3615.0,20236,14427,3613.0
2021-04-13,3626.0,3633.0,3617.0,3624.0,17031,14985,3626.0
2021-04-14,3615.0,3642.0,3615.0,3633.0,13012,15664,3630.0
2021-04-15,3634.0,3646.0,3631.0,3644.0,11082,16751,3640.0
2021-04-16,3640.0,3658.0,3640.0,3645.0,10371,16568,3648.0
2021-04-19,3646.0,3654.0,3631.0,3634.0,8634,16285,3637.0
2021-04-20,3639.0,3643.0,3622.0,3642.0,9985,16656,3639.0
2021-04-21,3631.0,3654.0,3631.0,3645.0,6430,17294,3646.0
2021-04-22,3646.0,3658.0,3643.0,3656.0,6386,17803,3649.0
2021-04-23,3663.0,3669.0,3650.0,3655.0,7452,17027,3658.0
2021-04-26,3659.0,3661.0,3641.0,3641.0,4599,17024,3650.0
2021-04-27,3637.0,3645.0,3633.0,3636.0,7874,16536,3638.0
2021-04-28,3631.0,3645.0,3623.0,3638.0,7612,15321,3640.0
2021-04-29,3634.0,3642.0,3633.0,3641.0,11826,13106,3638.0
2021-04-30,3645.0,3646.0,3628.0,3640.0,6646,11526,3633.0
2021-05-06,3620.0,3700.0,3619.0,3621.0,14079,15145,3625.0
2021-05-07,3620.0,3637.0,3620.0,3633.0,22349,13793,3628.0
2021-05-10,3630.0,3634.0,3620.0,3620.0,10805,13214,3624.0
2021-05-11,3628.0,3628.0,3601.0,3608.0,8770,12172,3611.0
2021-05-12,3605.0,3619.0,3601.0,3610.0,10628,11876,3613.0
2021-05-13,3614.0,3622.0,3605.0,3613.0,7394,11601,3615.0
2021-05-14,3611.0,3619.0,3611.0,3612.0,6566,11717,3614.0
2021-05-17,3615.0,3619.0,3584.0,3605.0,8447,11678,3604.0
2021-05-18,3629.0,3639.0,3627.0,3638.0,4306,9918,3634.0
2021-05-19,3639.0,3645.0,3620.0,3621.0,4872,9892,3631.0
2021-05-20,3595.0,3598.0,3576.0,3579.0,7985,12370,3588.0
2021-05-21,3578.0,3585.0,3571.0,3577.0,5751,12497,3578.0
2021-05-24,3579.0,3580.0,3540.0,3555.0,8143,12525,3564.0
2021-05-25,3555.0,3580.0,3555.0,3570.0,8743,11410,3568.0
2021-05-26,3583.0,3589.0,3582.0,3583.0,4374,11259,3585.0
2021-05-27,3569.0,3574.0,3559.0,3562.0,5031,10602,3564.0
2021-05-28,3565.0,3572.0,3558.0,3561.0,3815,10515,3566.0
2021-05-31,3591.0,3597.0,3578.0,3585.0,4668,13083,3585.0
2021-06-01,3568.0,3568.0,3550.0,3551.0,6114,4088,3563.0
2021-06-02,3568.0,3568.0,3533.0,3535.0,6402,12953,3545.0
2021-06-03,3534.0,3555.0,3526.0,3539.0,8927,12260,3544.0
2021-06-04,3543.0,3554.0,3536.0,3545.0,9125,12697,3547.0
2021-06-07,3545.0,3552.0,3537.0,3539.0,8877,12490,3543.0
2021-06-08,3534.0,3541.0,3522.0,3538.0,9946,13050,3532.0
2021-06-09,3540.0,3542.0,3528.0,3530.0,7346,13237,3533.0
2021-06-10,3530.0,3530.0,3519.0,3520.0,6610,13312,3524.0
2021-06-11,3521.0,3540.0,3521.0,3536.0,14372,12623,3534.0
2021-06-15,3533.0,3537.0,3523.0,3530.0,6479,12176,3530.0
2021-06-16,3530.0,3535.0,3526.0,3528.0,4969,12271,3530.0
2021-06-17,3530.0,3538.0,3526.0,3538.0,7377,12625,3532.0
2021-06-18,3535.0,3551.0,3530.0,3542.0,11126,12155,3537.0
2021-06-21,3539.0,3545.0,3531.0,3532.0,5374,12114,3533.0
2021-06-22,3531.0,3536.0,3524.0,3530.0,7100,12816,3528.0
2021-06-23,3528.0,3534.0,3526.0,3532.0,7004,13129,3529.0
2021-06-24,3530.0,3535.0,3512.0,3519.0,9463,13069,3524.0
2021-06-25,3518.0,3525.0,3509.0,3518.0,8438,11982,3519.0
2021-06-28,3520.0,3532.0,3509.0,3527.0,13130,10310,3521.0
2021-06-29,3528.0,3534.0,3518.0,3522.0,12576,9989,3523.0
2021-06-30,3527.0,3530.0,3516.0,3517.0,9052,8167,3522.0
2021-07-01,3520.0,3533.0,3511.0,3524.0,8540,3160,3519.0
2021-07-02,3521.0,3528.0,3516.0,3527.0,2597,1546,3523.0
2021-07-05,3524.0,3532.0,3515.0,3526.0,7736,12587,3526.0
2021-07-06,3528.0,3530.0,3518.0,3518.0,5007,12467,3522.0
2021-07-07,3520.0,3521.0,3510.0,3511.0,5255,12730,3514.0
2021-07-08,3546.0,3552.0,3541.0,3546.0,4277,5350,3545.0
2021-07-09,3531.0,3532.0,3517.0,3527.0,5176,9547,3525.0
2021-07-12,3525.0,3525.0,3509.0,3519.0,5788,9639,3517.0
2021-07-13,3514.0,3522.0,3509.0,3518.0,5864,9910,3515.0
2021-07-14,3522.0,3539.0,3517.0,3538.0,6797,9775,3530.0
2021-07-15,3535.0,3538.0,3525.0,3528.0,4853,9600,3530.0
2021-07-16,3527.0,3530.0,3521.0,3527.0,4678,9605,3524.0
2021-07-19,3525.0,3539.0,3522.0,3537.0,5486,9841,3531.0
2021-07-20,3525.0,3554.0,3521.0,3530.0,12924,13266,3536.0
2021-07-21,3546.0,3546.0,3516.0,3519.0,4654,12818,3525.0
2021-07-22,3521.0,3538.0,3521.0,3525.0,4354,10913,3529.0
2021-07-23,3525.0,3533.0,3524.0,3527.0,3173,11042,3529.0
2021-07-26,3524.0,3530.0,3506.0,3527.0,6081,12338,3523.0
2021-07-27,3527.0,3529.0,3502.0,3508.0,4277,12080,3514.0
2021-07-28,3506.0,3515.0,3503.0,3507.0,3113,11906,3511.0
2021-07-29,3524.0,3533.0,3520.0,3529.0,4163,11785,3527.0
2021-07-30,3520.0,3530.0,3515.0,3516.0,5744,8856,3521.0
2021-08-02,3519.0,3524.0,3486.0,3490.0,6255,5112,3509.0
2021-08-03,3494.0,3504.0,3490.0,3502.0,1234,4423,3496.0
2021-08-04,3519.0,3531.0,3517.0,3528.0,4866,12323,3527.0
2021-08-05,3529.0,3529.0,3524.0,3528.0,5355,12335,3526.0
2021-08-06,3528.0,3531.0,3525.0,3525.0,3569,12412,3526.0
2021-08-09,3523.0,3537.0,3522.0,3536.0,4486,12543,3531.0
2021-08-10,3540.0,3540.0,3525.0,3531.0,4755,12735,3534.0
2021-08-11,3535.0,3536.0,3525.0,3531.0,3571,12747,3531.0
2021-08-12,3533.0,3537.0,3528.0,3535.0,3194,12854,3531.0
2021-08-13,3559.0,3560.0,3550.0,3552.0,3891,7645,3554.0
2021-08-16,3534.0,3538.0,3529.0,3535.0,3149,12381,3533.0
2021-08-17,3575.0,3576.0,3568.0,3576.0,2968,5019,3572.0
2021-08-18,3545.0,3545.0,3529.0,3533.0,10244,11851,3536.0
2021-08-19,3536.0,3536.0,3516.0,3516.0,6505,11646,3526.0
2021-08-20,3514.0,3518.0,3506.0,3511.0,4224,11702,3514.0
2021-08-23,3532.0,3543.0,3522.0,3533.0,2941,7899,3535.0
2021-08-24,3560.0,3567.0,3554.0,3567.0,4536,6049,3559.0
2021-08-25,3522.0,3525.0,3515.0,3518.0,7684,11982,3519.0
2021-08-26,3516.0,3525.0,3510.0,3515.0,10294,11416,3517.0
2021-08-27,3515.0,3531.0,3500.0,3524.0,9778,10856,3520.0
2021-08-30,3524.0,3525.0,3512.0,3515.0,7299,9062,3517.0
2021-08-31,3529.0,3542.0,3529.0,3538.0,5326,6677,3534.0
2021-09-01,3536.0,3537.0,3531.0,3533.0,3898,6560,3533.0
2021-09-02,3513.0,3514.0,3483.0,3509.0,4386,10952,3507.0
2021-09-03,3561.0,3568.0,3556.0,3561.0,4087,4180,3560.0
2021-09-06,3562.0,3566.0,3548.0,3559.0,5840,4427,3561.0
2021-09-07,3561.0,3562.0,3532.0,3532.0,7005,4672,3548.0
2021-09-08,3530.0,3532.0,3499.0,3514.0,6411,5251,3516.0
2021-09-09,3505.0,3508.0,3493.0,3507.0,7577,6947,3497.0
2021-09-10,3497.0,3501.0,3492.0,3500.0,4096,6998,3497.0
2021-09-13,3494.0,3500.0,3486.0,3489.0,4511,12378,3492.0
2021-09-14,3492.0,3498.0,3480.0,3498.0,5279,12228,3488.0
2021-09-15,3498.0,3499.0,3483.0,3483.0,5856,11978,3489.0
2021-09-16,3483.0,3491.0,3480.0,3482.0,2913,11855,3484.0
2021-09-17,3507.0,3516.0,3505.0,3516.0,2877,6324,3507.0
2021-09-22,3510.0,3522.0,3478.0,3482.0,4143,7155,3490.0
2021-09-23,3498.0,3505.0,3485.0,3491.0,3993,6645,3495.0
2021-09-24,3470.0,3470.0,3459.0,3467.0,5541,10446,3464.0
2021-09-27,3461.0,3465.0,3455.0,3461.0,6663,8650,3459.0
2021-09-28,3465.0,3468.0,3453.0,3461.0,6962,8612,3459.0
2021-09-29,3462.0,3463.0,3451.0,3453.0,7267,9114,3455.0
2021-09-30,3453.0,3457.0,3442.0,3453.0,7237,9176,3449.0
2021-10-08,3456.0,3479.0,3453.0,3462.0,1438,6273,3467.0
2021-10-11,3447.0,3449.0,3438.0,3440.0,6978,11158,3443.0
2021-10-12,3471.0,3471.0,3434.0,3436.0,6060,4490,3446.0
2021-10-13,3418.0,3425.0,3410.0,3412.0,6469,11305,3417.0
2021-10-14,3408.0,3412.0,3395.0,3397.0,8065,11526,3406.0
2021-10-15,3405.0,3410.0,3388.0,3408.0,8209,11063,3400.0
2021-10-18,3406.0,3417.0,3401.0,3417.0,8566,10489,3409.0
2021-10-19,3415.0,3417.0,3406.0,3411.0,3546,10327,3410.0
2021-10-20,3416.0,3419.0,3405.0,3411.0,6351,9954,3412.0
2021-10-21,3419.0,3425.0,3412.0,3414.0,2919,8309,3419.0
2021-10-22,3396.0,3425.0,3389.0,3425.0,13143,10311,3410.0
2021-10-25,3428.0,3467.0,3420.0,3461.0,17757,10729,3445.0
2021-10-26,3465.0,3487.0,3451.0,3458.0,10068,10495,3470.0
2021-10-27,3460.0,3467.0,3424.0,3431.0,6937,10143,3441.0
2021-10-28,3440.0,3446.0,3425.0,3441.0,6685,8682,3437.0
2021-10-29,3449.0,3454.0,3418.0,3432.0,5711,7498,3434.0
2021-11-01,3434.0,3436.0,3404.0,3409.0,5358,4383,3424.0
2021-11-02,3427.0,3473.0,3420.0,3473.0,7282,10422,3444.0
2021-11-03,3480.0,3602.0,3473.0,3549.0,47277,16113,3548.0
2021-11-04,3551.0,3574.0,3486.0,3497.0,26772,16406,3525.0
2021-11-05,3501.0,3508.0,3466.0,3476.0,14307,16040,3484.0
2021-11-08,3482.0,3488.0,3452.0,3461.0,11920,15385,3465.0
2021-11-09,3464.0,3516.0,3461.0,3491.0,17204,16559,3490.0
2021-11-10,3489.0,3506.0,3461.0,3484.0,15845,15638,3481.0
2021-11-11,3483.0,3484.0,3460.0,3467.0,10776,15868,3468.0
2021-11-12,3469.0,3495.0,3451.0,3475.0,15302,15248,3473.0
2021-11-15,3475.0,3489.0,3464.0,3477.0,8577,14809,3474.0
2021-11-16,3485.0,3486.0,3465.0,3475.0,8346,14677,3476.0
2021-11-17,3463.0,3475.0,3463.0,3464.0,4660,14047,3470.0
2021-11-18,3470.0,3470.0,3441.0,3443.0,6193,13671,3454.0
2021-11-19,3441.0,3454.0,3435.0,3440.0,5264,13276,3442.0
2021-11-22,3436.0,3443.0,3381.0,3409.0,10727,13263,3414.0
2021-11-23,3417.0,3419.0,3406.0,3409.0,6788,13109,3410.0
2021-11-24,3402.0,3415.0,3395.0,3413.0,4832,12793,3410.0
2021-11-25,3415.0,3435.0,3405.0,3422.0,10094,12506,3416.0
2021-11-26,3418.0,3445.0,3418.0,3428.0,9020,11159,3432.0
2021-11-29,3438.0,3438.0,3414.0,3419.0,5121,10834,3428.0
2021-11-30,3415.0,3427.0,3401.0,3402.0,4677,9795,3412.0
2021-12-01,3408.0,3413.0,3401.0,3412.0,3745,7362,3407.0
2021-12-02,3407.0,3421.0,3374.0,3387.0,5041,5617,3399.0
2021-12-03,3381.0,3391.0,3349.0,3378.0,3783,5326,3368.0
2021-12-06,3432.0,3445.0,3415.0,3422.0,6584,12176,3429.0
2021-12-07,3430.0,3430.0,3409.0,3410.0,9236,13270,3417.0
2021-12-08,3413.0,3414.0,3373.0,3379.0,9049,13548,3387.0
2021-12-09,3395.0,3397.0,3355.0,3370.0,11001,13960,3365.0
2021-12-10,3369.0,3372.0,3340.0,3359.0,11495,14284,3354.0
2021-12-13,3365.0,3366.0,3350.0,3359.0,7988,14147,3357.0
2021-12-14,3359.0,3364.0,3347.0,3354.0,8489,14134,3355.0
2021-12-15,3354.0,3354.0,3343.0,3348.0,5753,14180,3349.0
2021-12-16,3345.0,3352.0,3323.0,3348.0,11954,13376,3337.0
2021-12-17,3344.0,3364.0,3343.0,3353.0,10494,12844,3353.0
2021-12-20,3355.0,3362.0,3344.0,3347.0,10667,12705,3351.0
2021-12-21,3346.0,3349.0,3323.0,3326.0,7037,12889,3336.0
2021-12-22,3326.0,3333.0,3318.0,3321.0,8370,13041,3326.0
2021-12-23,3321.0,3353.0,3321.0,3339.0,13056,13072,3338.0
2021-12-24,3335.0,3393.0,3335.0,3361.0,22417,13960,3357.0
2021-12-27,3361.0,3371.0,3353.0,3355.0,18433,13723,3360.0
2021-12-28,3359.0,3359.0,3333.0,3334.0,15664,12524,3341.0
2021-12-29,3338.0,3343.0,3315.0,3318.0,15493,12363,3323.0
2021-12-30,3319.0,3330.0,3313.0,3316.0,11569,12055,0.0
2021-12-31,3317.0,3327.0,3315.0,3323.0,9377,10465,3320.0
2022-01-04,3311.0,3329.0,3285.0,3308.0,4163,8692,3311.0
2022-01-05,3321.0,3325.0,3303.0,3323.0,3535,7323,3313.0
2022-01-06,3364.0,3373.0,3356.0,3357.0,7083,12294,3363.0
2022-01-07,3359.0,3361.0,3352.0,3354.0,5374,12489,3355.0
2022-01-10,3353.0,3357.0,3337.0,3337.0,8357,12681,3347.0
2022-01-11,3337.0,3345.0,3337.0,3343.0,5108,12311,3340.0
2022-01-12,3348.0,3368.0,3342.0,3367.0,8148,12364,3350.0
2022-01-13,3365.0,3371.0,3356.0,3361.0,9298,11976,3362.0
2022-01-14,3362.0,3380.0,3357.0,3358.0,12495,11458,3363.0
2022-01-17,3363.0,3369.0,3355.0,3363.0,8943,12240,3361.0
2022-01-18,3361.0,3366.0,3333.0,3336.0,7117,12158,3352.0
2022-01-19,3333.0,3345.0,3332.0,3345.0,5610,12161,3339.0
2022-01-20,3345.0,3345.0,3338.0,3342.0,5195,12002,3340.0
2022-01-21,3343.0,3349.0,3333.0,3337.0,5826,11390,3337.0
2022-01-24,3333.0,3341.0,3333.0,3337.0,4753,11199,3336.0
2022-01-25,3337.0,3359.0,3336.0,3358.0,9600,11210,3346.0
2022-01-26,3358.0,3376.0,3348.0,3360.0,7102,10495,3358.0
2022-01-27,3366.0,3366.0,3343.0,3348.0,5681,9218,3348.0
2022-01-28,3350.0,3355.0,3342.0,3352.0,4363,8777,3349.0
2022-02-07,3352.0,3368.0,3349.0,3365.0,4780,8136,3358.0
2022-02-08,3362.0,3373.0,3359.0,3369.0,4201,7621,3367.0
2022-02-09,3374.0,3386.0,3358.0,3364.0,4561,7618,3372.0
2022-02-10,3477.0,3498.0,3470.0,3473.0,3568,7704,3481.0
2022-02-11,3348.0,3354.0,3344.0,3354.0,2198,6491,3348.0
2022-02-14,3465.0,3513.0,3463.0,3512.0,7839,9177,3486.0
2022-02-15,3521.0,3521.0,3485.0,3498.0,7438,9553,3498.0
2022-02-16,3499.0,3499.0,3475.0,3478.0,5197,9217,3482.0
2022-02-17,3474.0,3492.0,3460.0,3467.0,8035,9727,3476.0
2022-02-18,3466.0,3482.0,3466.0,3473.0,3125,9807,3471.0
2022-02-21,3477.0,3477.0,3454.0,3457.0,5782,9880,3466.0
2022-02-22,3454.0,3464.0,3453.0,3463.0,3690,9959,3459.0
2022-02-23,3465.0,3466.0,3440.0,3444.0,5348,10369,3451.0
2022-02-24,3443.0,3477.0,3435.0,3473.0,9308,11198,3450.0
2022-02-25,3479.0,3622.0,3446.0,3457.0,20070,12195,3477.0
2022-02-28,3461.0,3488.0,3450.0,3485.0,11922,12779,3472.0
2022-03-01,3487.0,3499.0,3480.0,3494.0,16012,14278,3489.0
2022-03-02,3495.0,3510.0,3483.0,3498.0,17994,15049,3498.0
2022-03-03,3502.0,3525.0,3486.0,3523.0,16778,14145,3507.0
2022-03-04,3528.0,3528.0,3496.0,3507.0,15691,13624,3510.0
2022-03-07,3511.0,3520.0,3491.0,3501.0,14009,15699,3506.0
2022-03-08,3500.0,3503.0,3482.0,3490.0,9813,15606,3490.0
2022-03-09,3492.0,3497.0,3484.0,3490.0,7667,15569,3489.0
2022-03-10,3485.0,3485.0,3460.0,3465.0,10309,15255,3470.0
2022-03-11,3466.0,3476.0,3466.0,3469.0,8241,14884,3471.0
2022-03-14,3465.0,3467.0,3448.0,3452.0,9450,14754,3457.0
2022-03-15,3454.0,3456.0,3430.0,3437.0,10120,14551,3440.0
2022-03-16,3428.0,3442.0,3409.0,3419.0,9515,15238,3430.0
2022-03-17,3423.0,3423.0,3391.0,3393.0,11668,16165,3400.0
2022-03-18,3401.0,3407.0,3396.0,3399.0,8631,15413,3401.0
2022-03-21,3401.0,3407.0,3393.0,3404.0,8435,15747,3399.0
2022-03-22,3400.0,3418.0,3400.0,3408.0,10342,16465,3409.0
2022-03-23,3412.0,3412.0,3404.0,3407.0,6576,16115,3407.0
2022-03-24,3409.0,3414.0,3403.0,3408.0,8630,16012,3409.0
2022-03-25,3405.0,3417.0,3400.0,3403.0,6628,15380,3407.0
2022-03-28,3407.0,3407.0,3396.0,3398.0,5524,15094,3400.0
2022-03-29,3398.0,3400.0,3387.0,3393.0,5398,14380,3393.0
2022-03-30,3390.0,3394.0,3382.0,3386.0,5416,14108,3386.0
2022-03-31,3388.0,3405.0,3388.0,3393.0,8079,13643,3396.0
2022-04-01,3386.0,3393.0,3353.0,3363.0,12943,11389,3377.0
2022-04-06,3370.0,3371.0,3345.0,3364.0,3429,11203,3362.0
2022-04-07,3363.0,3370.0,3356.0,3368.0,4639,10555,3364.0
2022-04-08,3369.0,3371.0,3357.0,3359.0,4118,10324,3363.0
2022-04-11,3355.0,3362.0,3329.0,3332.0,5819,10388,3345.0
2022-04-12,3331.0,3337.0,3321.0,3331.0,4217,9928,3327.0
2022-04-13,3330.0,3345.0,3329.0,3344.0,3865,9381,3335.0
2022-04-14,3346.0,3350.0,3337.0,3348.0,3118,8935,3342.0
2022-04-15,3348.0,3350.0,3332.0,3336.0,2789,8669,3339.0
2022-04-18,3339.0,3460.0,3339.0,3377.0,6717,6916,3368.0
2022-04-19,3415.0,3435.0,3415.0,3423.0,5335,9027,3426.0
2022-04-20,3416.0,3431.0,3414.0,3422.0,6021,9317,3422.0
2022-04-21,3422.0,3430.0,3418.0,3423.0,7098,9705,3424.0
2022-04-22,3428.0,3430.0,3419.0,3430.0,4158,9282,3423.0
2022-04-25,3434.0,3474.0,3426.0,3447.0,16168,10122,3447.0
2022-04-26,3442.0,3467.0,3430.0,3438.0,12834,9805,3449.0
2022-04-27,3435.0,3447.0,3433.0,3441.0,5651,9219,3440.0
2022-04-28,3442.0,3445.0,3417.0,3423.0,10426,8326,3429.0
2022-04-29,3420.0,3427.0,3407.0,3423.0,9813,8350,3416.0
2022-05-05,3438.0,3438.0,3419.0,3423.0,4735,7535,3427.0
2022-05-06,3431.0,3432.0,3418.0,3423.0,5273,7526,3425.0
2022-05-09,3425.0,3442.0,3422.0,3438.0,4201,7411,3433.0
2022-05-10,3436.0,3465.0,3435.0,3455.0,6170,7150,3448.0
2022-05-11,3469.0,3469.0,3439.0,3444.0,3935,6115,3452.0
2022-05-12,3465.0,3467.0,3442.0,3449.0,5451,11569,3454.0
2022-05-13,3449.0,3452.0,3445.0,3449.0,3814,11949,3449.0
2022-05-16,3449.0,3477.0,3445.0,3462.0,11763,14457,3462.0
2022-05-17,3462.0,3468.0,3449.0,3450.0,7479,15420,3458.0
2022-05-18,3450.0,3463.0,3448.0,3451.0,7640,15384,3454.0
2022-05-19,3453.0,3457.0,3438.0,3440.0,6139,14944,3445.0
2022-05-20,3441.0,3442.0,3424.0,3426.0,9744,15214,3432.0
2022-05-23,3425.0,3430.0,3332.0,3397.0,11690,15177,3410.0
2022-05-24,3388.0,3398.0,3380.0,3384.0,7019,15437,3389.0
2022-05-25,3389.0,3398.0,3385.0,3388.0,5522,14676,3392.0
2022-05-26,3386.0,3390.0,3371.0,3388.0,7000,13801,3380.0
2022-05-27,3384.0,3394.0,3366.0,3370.0,7133,12956,3376.0
2022-05-30,3372.0,3408.0,3368.0,3399.0,10576,13374,3392.0
2022-05-31,3400.0,3404.0,3376.0,3379.0,6742,12848,3386.0
2022-06-01,3378.0,3380.0,3361.0,3373.0,6786,10516,3373.0
2022-06-02,3375.0,3378.0,3362.0,3364.0,3565,10536,3368.0
2022-06-06,3367.0,3371.0,3353.0,3357.0,3321,10653,3358.0
2022-06-07,3358.0,3363.0,3351.0,3356.0,3316,10509,3356.0
2022-06-08,3356.0,3357.0,3344.0,3351.0,3190,10075,3349.0
2022-06-09,3353.0,3389.0,3350.0,3355.0,4530,9417,3357.0
2022-06-10,3362.0,3383.0,3362.0,3371.0,3946,12763,3371.0
2022-06-13,3373.0,3375.0,3362.0,3366.0,4826,13203,3367.0
2022-06-14,3369.0,3380.0,3362.0,3368.0,5758,13621,3372.0
2022-06-15,3372.0,3376.0,3365.0,3369.0,4287,13600,3369.0
2022-06-16,3380.0,3380.0,3368.0,3370.0,4503,13748,3374.0
2022-06-17,3369.0,3372.0,3351.0,3352.0,6584,14321,3358.0
2022-06-20,3352.0,3354.0,3334.0,3341.0,6260,14244,3344.0
2022-06-21,3341.0,3348.0,3327.0,3329.0,4664,14326,3338.0
2022-06-22,3324.0,3332.0,3304.0,3311.0,8140,14314,3318.0
2022-06-23,3314.0,3323.0,3309.0,3321.0,7624,13662,3317.0
2022-06-24,3323.0,3327.0,3313.0,3322.0,6052,12838,3319.0
2022-06-27,3321.0,3331.0,3318.0,3330.0,6211,12186,3324.0
2022-06-28,3330.0,3338.0,3321.0,3338.0,5124,12031,3329.0
2022-06-29,3337.0,3342.0,3324.0,3334.0,6213,11722,3332.0
2022-06-30,3340.0,3342.0,3328.0,3333.0,5194,11131,3333.0
2022-07-01,3334.0,3337.0,3313.0,3321.0,8932,9416,3323.0
2022-07-04,3323.0,3326.0,3317.0,3321.0,2463,9261,3321.0
2022-07-05,3336.0,3368.0,3336.0,3367.0,4735,10170,3352.0
2022-07-06,3363.0,3373.0,3348.0,3358.0,8184,10921,3363.0
2022-07-07,3358.0,3369.0,3286.0,3351.0,7409,10802,3352.0
2022-07-08,3350.0,3358.0,3342.0,3346.0,3394,10603,3347.0
2022-07-11,3347.0,3356.0,3344.0,3349.0,2499,10436,3348.0
2022-07-12,3349.0,3359.0,3347.0,3352.0,2306,10234,3352.0
2022-07-13,3351.0,3357.0,3345.0,3348.0,2581,10012,3349.0
2022-07-14,3348.0,3354.0,3344.0,3348.0,2934,9916,3348.0
2022-07-15,3348.0,3354.0,3331.0,3332.0,3653,10095,3343.0
2022-07-18,3332.0,3338.0,3325.0,3332.0,3950,10512,3331.0
2022-07-19,3331.0,3336.0,3326.0,3328.0,3754,10740,3329.0
2022-07-20,3329.0,3358.0,3323.0,3355.0,5921,10080,3340.0
2022-07-21,3359.0,3366.0,3338.0,3352.0,3245,9936,3349.0
2022-07-22,3355.0,3370.0,3346.0,3359.0,3357,9911,3352.0
2022-07-25,3359.0,3361.0,3348.0,3349.0,4677,9127,3353.0
2022-07-26,3350.0,3353.0,3341.0,3345.0,3648,9780,3347.0
2022-07-27,3347.0,3352.0,3343.0,3349.0,3614,9637,3348.0
2022-07-28,3348.0,3349.0,3339.0,3342.0,3335,9851,3345.0
2022-07-29,3343.0,3359.0,3336.0,3353.0,5179,9882,3347.0
2022-08-01,3351.0,3354.0,3343.0,3346.0,4056,9702,3347.0
2022-08-02,3346.0,3375.0,3344.0,3363.0,6301,9772,3355.0
2022-08-03,3372.0,3372.0,3347.0,3353.0,4647,9477,3357.0
2022-08-04,3349.0,3355.0,3345.0,3348.0,4079,9551,3349.0
2022-08-05,3349.0,3355.0,3347.0,3349.0,3259,9259,3350.0
2022-08-08,3348.0,3355.0,3343.0,3350.0,2819,9106,3349.0
2022-08-09,3350.0,3356.0,3345.0,3351.0,3402,8903,3351.0
2022-08-10,3349.0,3355.0,3346.0,3348.0,1885,8858,3350.0
2022-08-11,3350.0,3375.0,3346.0,3351.0,3593,8411,3354.0
2022-08-12,3352.0,3355.0,3349.0,3353.0,1968,8309,3351.0
2022-08-15,3352.0,3363.0,3352.0,3359.0,1238,8064,3356.0
2022-08-16,3371.0,3430.0,3367.0,3408.0,7596,11174,3397.0
2022-08-17,3410.0,3419.0,3396.0,3414.0,6943,11041,3408.0
2022-08-18,3418.0,3449.0,3407.0,3441.0,8318,10910,3427.0
2022-08-19,3442.0,3459.0,3428.0,3451.0,6553,11839,3444.0
2022-08-22,3451.0,3474.0,3423.0,3443.0,9805,12340,3444.0
2022-08-23,3440.0,3440.0,3406.0,3410.0,6225,12651,3417.0
2022-08-24,3412.0,3424.0,3403.0,3405.0,5493,12629,3413.0
2022-08-25,3410.0,3410.0,3378.0,3385.0,6505,11422,3393.0
2022-08-26,3382.0,3386.0,3363.0,3373.0,5635,10734,3371.0
2022-08-29,3375.0,3390.0,3371.0,3371.0,5954,10546,3379.0
2022-08-30,3373.0,3379.0,3355.0,3359.0,4314,9834,3366.0
2022-08-31,3359.0,3365.0,3351.0,3358.0,4150,9429,3359.0
2022-09-01,3358.0,3360.0,3331.0,3338.0,6937,8166,3344.0
2022-09-02,3333.0,3370.0,3331.0,3368.0,7494,8358,3360.0
2022-09-05,3368.0,3383.0,3362.0,3374.0,4775,7789,3372.0
2022-09-06,3374.0,3385.0,3370.0,3382.0,3035,7558,3379.0
2022-09-07,3381.0,3383.0,3375.0,3380.0,3575,6957,3378.0
2022-09-08,3374.0,3404.0,3373.0,3400.0,3776,6384,3389.0
2022-09-09,3401.0,3412.0,3398.0,3402.0,3970,6146,3404.0
2022-09-13,3407.0,3421.0,3403.0,3409.0,2165,6209,3411.0
2022-09-14,3409.0,3417.0,3403.0,3409.0,1988,5908,3409.0
2022-09-15,3408.0,3415.0,3401.0,3412.0,2193,5660,3408.0
2022-09-16,3423.0,3430.0,3414.0,3420.0,2847,9508,3421.0
2022-09-19,3420.0,3425.0,3411.0,3425.0,3305,9891,3418.0
2022-09-20,3424.0,3427.0,3413.0,3418.0,2561,10129,3418.0
2022-09-21,3418.0,3422.0,3411.0,3418.0,2224,10290,3417.0
2022-09-22,3418.0,3420.0,3412.0,3416.0,2184,10542,3416.0
2022-09-23,3415.0,3422.0,3406.0,3417.0,2752,10599,3415.0
2022-09-26,3415.0,3421.0,3410.0,3412.0,2383,10193,3414.0
2022-09-27,3414.0,3421.0,3412.0,3419.0,1945,9930,3415.0
2022-09-28,3420.0,3425.0,3401.0,3404.0,3123,9771,3410.0
2022-09-29,3403.0,3408.0,3391.0,3399.0,2376,9942,3398.0
2022-09-30,3399.0,3401.0,3388.0,3398.0,1924,9704,3394.0
2022-10-10,3429.0,3429.0,3370.0,3370.0,521,39,3390.0
2022-10-11,3374.0,3383.0,3370.0,3379.0,2471,8300,3376.0
2022-10-12,3379.0,3390.0,3372.0,3372.0,2757,7446,3378.0
2022-10-13,3380.0,3450.0,3368.0,3372.0,3229,6364,3383.0
2022-10-14,3363.0,3382.0,3361.0,3369.0,2765,11225,3373.0
2022-10-17,3373.0,3392.0,3364.0,3373.0,3085,11808,3379.0
2022-10-18,3374.0,3396.0,3373.0,3380.0,2767,12018,3386.0
2022-10-19,3383.0,3391.0,3379.0,3387.0,1024,12096,3383.0
2022-10-20,3407.0,3420.0,3402.0,3415.0,2143,7406,3409.0
2022-10-21,3401.0,3420.0,3396.0,3416.0,3282,12513,3411.0
2022-10-24,3418.0,3422.0,3405.0,3420.0,2686,12344,3415.0
2022-10-25,3397.0,3398.0,3385.0,3390.0,576,1868,3389.0
2022-10-26,3411.0,3413.0,3392.0,3393.0,2298,11916,3403.0
2022-10-27,3390.0,3395.0,3381.0,3382.0,2498,9819,3386.0
2022-10-28,3381.0,3392.0,3372.0,3375.0,3086,10476,3380.0
2022-10-31,3380.0,3387.0,3375.0,3382.0,3207,9542,3382.0
2022-11-01,3372.0,3389.0,3371.0,3379.0,3673,12850,3379.0
2022-11-02,3381.0,3389.0,3375.0,3377.0,3133,13864,3379.0
2022-11-03,3378.0,3401.0,3375.0,3390.0,4437,14625,3386.0
2022-11-04,3388.0,3403.0,3386.0,3398.0,4517,15252,3396.0
2022-11-07,3398.0,3415.0,3396.0,3412.0,5530,15009,3407.0
2022-11-08,3411.0,3416.0,3385.0,3396.0,3589,15107,3402.0
2022-11-09,3396.0,3402.0,3391.0,3399.0,2346,15353,3397.0
2022-11-10,3400.0,3405.0,3390.0,3400.0,2306,15656,3396.0
2022-11-11,3401.0,3405.0,3394.0,3402.0,2564,15629,3399.0
2022-11-14,3403.0,3408.0,3395.0,3396.0,2754,15550,3399.0
2022-11-15,3397.0,3398.0,3391.0,3396.0,1570,15485,3395.0
2022-11-16,3344.0,3353.0,3341.0,3348.0,694,1106,3346.0
2022-11-17,3409.0,3415.0,3398.0,3409.0,4722,14044,3406.0
2022-11-18,3406.0,3414.0,3400.0,3401.0,3817,13115,3406.0
2022-11-21,3399.0,3407.0,3387.0,3389.0,4259,13392,3397.0
2022-11-22,3388.0,3394.0,3385.0,3393.0,1864,13304,3389.0
2022-11-23,3394.0,3404.0,3390.0,3394.0,3040,12732,3396.0
2022-11-24,3396.0,3397.0,3386.0,3396.0,1763,12670,3392.0
2022-11-25,3396.0,3409.0,3394.0,3407.0,2563,12251,3402.0
2022-11-28,3407.0,3417.0,3403.0,3410.0,3036,11657,3410.0
2022-11-29,3410.0,3424.0,3406.0,3414.0,4675,10579,3414.0
2022-11-30,3413.0,3423.0,3402.0,3421.0,4920,9749,3414.0
2022-12-01,3424.0,3425.0,3399.0,3406.0,3752,8929,3412.0
2022-12-02,3408.0,3409.0,3396.0,3396.0,2888,8216,3400.0
2022-12-05,3395.0,3397.0,3383.0,3386.0,2746,7088,3389.0
2022-12-06,3386.0,3393.0,3386.0,3389.0,1352,6869,3390.0
2022-12-07,3397.0,3403.0,3394.0,3397.0,3528,8127,3398.0
2022-12-08,3396.0,3398.0,3380.0,3385.0,1816,8232,3387.0
2022-12-09,3384.0,3386.0,3380.0,3384.0,1904,8552,3383.0
2022-12-12,3384.0,3385.0,3358.0,3359.0,2882,9085,3372.0
2022-12-13,3358.0,3366.0,3357.0,3362.0,3319,10072,3362.0
2022-12-14,3360.0,3372.0,3355.0,3363.0,3435,11242,3364.0
2022-12-15,3362.0,3370.0,3359.0,3364.0,2554,12129,3365.0
2022-12-16,3363.0,3370.0,3360.0,3367.0,2114,12653,3364.0
2022-12-19,3365.0,3366.0,3360.0,3361.0,1239,12718,3362.0
2022-12-20,3363.0,3363.0,3356.0,3358.0,1327,12786,3360.0
2022-12-21,3358.0,3363.0,3350.0,3361.0,1728,12799,3356.0
2022-12-22,3362.0,3366.0,3354.0,3362.0,1451,12845,3360.0
2022-12-23,3362.0,3365.0,3358.0,3360.0,1286,12611,3361.0
2022-12-26,3362.0,3369.0,3356.0,3369.0,2423,12116,3363.0
2022-12-27,3366.0,3372.0,3364.0,3371.0,3288,10925,3368.0
2022-12-28,3369.0,3385.0,3360.0,3379.0,3689,9923,3373.0
2022-12-29,3380.0,3381.0,3373.0,3380.0,3683,8681,3378.0
2022-12-30,3379.0,3381.0,3363.0,3367.0,3201,8130,3369.0
2023-01-03,3367.0,3420.0,3366.0,3375.0,2147,7768,3377.0
2023-01-04,3375.0,3379.0,3360.0,3361.0,2366,6828,3367.0
2023-01-05,3361.0,3363.0,3355.0,3358.0,1905,5648,3358.0
2023-01-06,3359.0,3369.0,3356.0,3366.0,1421,9541,3364.0
2023-01-09,3356.0,3363.0,3332.0,3334.0,2845,3693,3346.0
2023-01-10,3334.0,3334.0,3280.0,3297.0,3614,3197,3304.0
2023-01-11,3300.0,3300.0,3287.0,3290.0,752,3033,3292.0
2023-01-12,3339.0,3342.0,3335.0,3336.0,1926,12146,3338.0
2023-01-13,3293.0,3298.0,3288.0,3291.0,1540,2385,3292.0
2023-01-16,3345.0,3355.0,3344.0,3353.0,2577,12323,3349.0
2023-01-17,3354.0,3356.0,3347.0,3356.0,2392,11882,3351.0
2023-01-18,3352.0,3361.0,3351.0,3358.0,2213,11605,3356.0
2023-01-19,3363.0,3367.0,3356.0,3361.0,2730,10575,3362.0
2023-01-20,3361.0,3369.0,3353.0,3366.0,2185,9995,3363.0
2023-01-30,3366.0,3369.0,3350.0,3351.0,2181,9793,3357.0
2023-01-31,3348.0,3348.0,3336.0,3345.0,1804,9859,3343.0
2023-02-01,3346.0,3349.0,3341.0,3345.0,1957,9492,3345.0
2023-02-02,3337.0,3356.0,3336.0,3354.0,4390,10464,3348.0
2023-02-03,3385.0,3396.0,3360.0,3383.0,7022,7200,3379.0
2023-02-06,3376.0,3396.0,3371.0,3387.0,3514,7038,3384.0
2023-02-07,3356.0,3364.0,3351.0,3360.0,2910,14319,3356.0
2023-02-08,3358.0,3364.0,3355.0,3360.0,3728,14941,3359.0
2023-02-09,3360.0,3367.0,3350.0,3364.0,3867,15055,3358.0
2023-02-10,3365.0,3393.0,3362.0,3391.0,5680,15194,3381.0
2023-02-13,3391.0,3398.0,3377.0,3385.0,4096,15089,3387.0
2023-02-14,3386.0,3389.0,3371.0,3379.0,3202,15300,3377.0
2023-02-15,3379.0,3387.0,3371.0,3371.0,2681,15784,3377.0
2023-02-16,3415.0,3420.0,3410.0,3415.0,1919,5912,3414.0
2023-02-17,3409.0,3435.0,3409.0,3429.0,1555,2827,3414.0
2023-02-20,3371.0,3372.0,3356.0,3361.0,3771,15386,3364.0
2023-02-21,3360.0,3369.0,3356.0,3359.0,2506,15619,3361.0
2023-02-22,3358.0,3363.0,3353.0,3362.0,2081,15466,3357.0
2023-02-23,3360.0,3370.0,3354.0,3358.0,5583,15663,3362.0
2023-02-24,3357.0,3359.0,3350.0,3351.0,3548,15034,3353.0
2023-02-27,3351.0,3361.0,3351.0,3358.0,3724,14357,3356.0
2023-02-28,3360.0,3362.0,3350.0,3352.0,3976,14241,3356.0
2023-03-01,3352.0,3352.0,3342.0,3346.0,2618,13530,3346.0
2023-03-02,3363.0,3367.0,3359.0,3365.0,1434,4564,3362.0
2023-03-03,3374.0,3379.0,3366.0,3368.0,2062,8829,3372.0
2023-03-06,3335.0,3345.0,3335.0,3345.0,2389,11982,3339.0
2023-03-07,3345.0,3367.0,3341.0,3352.0,4083,10808,3353.0
2023-03-08,3352.0,3355.0,3345.0,3347.0,1450,10635,3350.0
2023-03-09,3381.0,3396.0,3381.0,3386.0,2133,9465,3390.0
2023-03-10,3351.0,3351.0,3340.0,3341.0,2081,10040,3344.0
2023-03-13,3376.0,3380.0,3370.0,3380.0,1841,9758,3374.0
2023-03-14,3347.0,3347.0,3339.0,3344.0,2540,8050,3342.0
2023-03-15,3372.0,3379.0,3361.0,3364.0,3328,9997,3370.0
2023-03-16,3371.0,3382.0,3363.0,3380.0,1295,8282,3378.0
2023-03-17,3359.0,3381.0,3351.0,3370.0,4469,10397,3372.0
2023-03-20,3335.0,3352.0,3335.0,3339.0,641,1640,3341.0
2023-03-21,3368.0,3385.0,3367.0,3382.0,4023,14654,3374.0
2023-03-22,3378.0,3387.0,3372.0,3379.0,5623,14235,3378.0
2023-03-23,3372.0,3382.0,3351.0,3376.0,6515,14374,3368.0
2023-03-24,3371.0,3379.0,3358.0,3372.0,6937,14139,3367.0
2023-03-27,3372.0,3386.0,3367.0,3381.0,6517,14200,3377.0
2023-03-28,3383.0,3399.0,3372.0,3376.0,5273,13963,3378.0
2023-03-29,3376.0,3384.0,3372.0,3373.0,4593,13401,3377.0
2023-03-30,3375.0,3380.0,3366.0,3377.0,5843,12733,3374.0
2023-03-31,3376.0,3381.0,3367.0,3375.0,2760,12152,3374.0
2023-04-03,3376.0,3383.0,3363.0,3365.0,1597,12048,3369.0
2023-04-04,3391.0,3400.0,3387.0,3398.0,2101,13449,3393.0
2023-04-06,3397.0,3401.0,3391.0,3400.0,2274,13610,3394.0
2023-04-07,3401.0,3406.0,3388.0,3397.0,3296,13705,3396.0
2023-04-10,3398.0,3399.0,3391.0,3396.0,2542,13756,3395.0
2023-04-11,3399.0,3399.0,3390.0,3393.0,2117,13422,3392.0
2023-04-12,3364.0,3373.0,3356.0,3365.0,3488,6681,3363.0
2023-04-13,3391.0,3444.0,3385.0,3439.0,12365,17740,3419.0
2023-04-14,3439.0,3454.0,3430.0,3449.0,9712,17740,3441.0
2023-04-17,3444.0,3453.0,3425.0,3447.0,8793,17486,3441.0
2023-04-18,3442.0,3453.0,3433.0,3449.0,5404,17662,3444.0
2023-04-19,3444.0,3452.0,3425.0,3428.0,11406,18175,3441.0
2023-04-20,3428.0,3438.0,3413.0,3433.0,8056,17972,3423.0
2023-04-21,3429.0,3435.0,3418.0,3423.0,7451,17138,3426.0
2023-04-24,3431.0,3445.0,3418.0,3431.0,11212,20732,3428.0
2023-04-25,3433.0,3436.0,3422.0,3432.0,7493,22640,3428.0
2023-04-26,3434.0,3446.0,3424.0,3441.0,10861,24115,3432.0
2023-04-27,3437.0,3450.0,3429.0,3433.0,5919,24237,3438.0
2023-04-28,3432.0,3440.0,3412.0,3419.0,4318,24316,3427.0
2023-05-04,3421.0,3429.0,3417.0,3418.0,3546,24419,3424.0
2023-05-05,3422.0,3422.0,3396.0,3400.0,7659,24814,3405.0
2023-05-08,3400.0,3406.0,3396.0,3398.0,6035,23859,3399.0
2023-05-09,3400.0,3401.0,3383.0,3386.0,9626,23028,3392.0
2023-05-10,3386.0,3391.0,3371.0,3373.0,8016,22383,3380.0
2023-05-11,3376.0,3382.0,3365.0,3365.0,7593,21998,3371.0
2023-05-12,3367.0,3378.0,3361.0,3370.0,9323,21529,3370.0
2023-05-15,3370.0,3382.0,3365.0,3372.0,11669,21685,3371.0
2023-05-16,3376.0,3389.0,3373.0,3381.0,10783,23242,3380.0
2023-05-17,3377.0,3396.0,3376.0,3386.0,10812,22085,3384.0
2023-05-18,3390.0,3418.0,3385.0,3406.0,12553,22697,3402.0
2023-05-19,3403.0,3414.0,3403.0,3409.0,7580,23271,3408.0
2023-05-22,3407.0,3425.0,3406.0,3421.0,9798,24416,3417.0
2023-05-23,3422.0,3459.0,3417.0,3459.0,16598,25022,3437.0
2023-05-24,3457.0,3483.0,3451.0,3480.0,20739,23061,3460.0
2023-05-25,3481.0,3490.0,3467.0,3470.0,25121,22933,3479.0
2023-05-26,3470.0,3472.0,3446.0,3457.0,19012,21059,3458.0
2023-05-29,3457.0,3503.0,3456.0,3496.0,19965,20343,3484.0
2023-05-30,3489.0,3509.0,3481.0,3498.0,22040,19033,3494.0
2023-05-31,3492.0,3510.0,3468.0,3468.0,28978,16849,3491.0
2023-06-01,3471.0,3473.0,3447.0,3455.0,13463,13486,3460.0
2023-06-02,3457.0,3467.0,3423.0,3438.0,9800,10917,3444.0
2023-06-05,3441.0,3453.0,3435.0,3447.0,5831,10515,3445.0
2023-06-06,3446.0,3446.0,3434.0,3442.0,6728,9535,3440.0
2023-06-07,3468.0,3472.0,3454.0,3460.0,5425,26288,3462.0
2023-06-08,3464.0,3469.0,3456.0,3464.0,4213,27090,3462.0
2023-06-09,3463.0,3467.0,3460.0,3463.0,4616,28352,3463.0
2023-06-12,3463.0,3476.0,3456.0,3468.0,5614,29508,3466.0
2023-06-13,3462.0,3471.0,3456.0,3462.0,4760,28988,3461.0
2023-06-14,3461.0,3478.0,3459.0,3478.0,6726,27698,3468.0
2023-06-15,3515.0,3525.0,3513.0,3525.0,8414,22050,3518.0
2023-06-16,3523.0,3525.0,3512.0,3518.0,5003,22624,3517.0
2023-06-19,3470.0,3502.0,3470.0,3497.0,578,2918,3489.0
2023-06-20,3481.0,3489.0,3446.0,3452.0,11782,27456,3462.0
2023-06-21,3453.0,3468.0,3448.0,3455.0,9472,27139,3456.0
2023-06-26,3457.0,3470.0,3449.0,3456.0,5973,26513,3458.0
2023-06-27,3456.0,3465.0,3450.0,3461.0,8769,26563,3455.0
2023-06-28,3548.0,3555.0,3531.0,3548.0,14862,33266,3545.0
2023-06-29,3554.0,3560.0,3533.0,3536.0,25087,35769,3546.0
2023-06-30,3539.0,3540.0,3514.0,3517.0,26488,34409,3525.0
2023-07-03,3524.0,3533.0,3506.0,3512.0,12957,28477,3519.0
2023-07-04,3511.0,3525.0,3506.0,3515.0,6665,26711,3513.0
2023-07-05,3519.0,3521.0,3507.0,3512.0,4855,25590,3512.0
2023-07-06,3513.0,3525.0,3506.0,3521.0,5661,24010,3512.0
2023-07-07,3525.0,3528.0,3513.0,3518.0,6792,21885,3519.0
2023-07-10,3524.0,3525.0,3510.0,3519.0,5409,21210,3514.0
2023-07-11,3520.0,3529.0,3513.0,3524.0,3959,21433,3521.0
2023-07-12,3522.0,3529.0,3512.0,3515.0,3990,21270,3517.0
2023-07-13,3514.0,3550.0,3513.0,3546.0,9221,20902,3533.0
2023-07-14,3552.0,3577.0,3542.0,3545.0,12698,22417,3556.0
2023-07-17,3551.0,3551.0,3513.0,3519.0,12676,19309,3524.0
2023-07-18,3519.0,3528.0,3515.0,3519.0,4547,18907,3519.0
2023-07-19,3516.0,3523.0,3481.0,3498.0,7407,17651,3505.0
2023-07-20,3504.0,3505.0,3489.0,3493.0,6677,16342,3495.0
2023-07-21,3568.0,3576.0,3551.0,3566.0,7226,15732,3569.0
2023-07-24,3493.0,3502.0,3487.0,3492.0,4982,15484,3494.0
2023-07-25,3566.0,3572.0,3533.0,3535.0,7990,18491,3550.0
2023-07-26,3533.0,3554.0,3529.0,3544.0,7893,20575,3542.0
2023-07-27,3550.0,3565.0,3540.0,3544.0,6092,21821,3552.0
2023-07-28,3521.0,3544.0,3521.0,3537.0,4649,13729,3534.0
2023-07-31,3534.0,3567.0,3523.0,3545.0,7770,14432,3541.0
2023-08-01,3574.0,3574.0,3541.0,3553.0,6433,23236,3553.0
2023-08-02,3546.0,3558.0,3542.0,3558.0,3412,22909,3550.0
2023-08-03,3485.0,3486.0,3467.0,3472.0,2972,9475,3478.0
2023-08-04,3471.0,3479.0,3470.0,3473.0,2592,8974,3474.0
2023-08-07,3475.0,3535.0,3472.0,3473.0,5366,8200,3489.0
2023-08-08,3559.0,3564.0,3524.0,3528.0,14581,23561,3537.0
2023-08-09,3530.0,3535.0,3513.0,3519.0,9139,23464,3521.0
2023-08-10,3518.0,3530.0,3496.0,3500.0,8696,23529,3511.0
2023-08-11,3491.0,3508.0,3491.0,3504.0,5139,23681,3499.0
2023-08-14,3515.0,3515.0,3488.0,3505.0,8154,23358,3499.0
2023-08-15,3500.0,3523.0,3489.0,3523.0,8625,21034,3510.0
2023-08-16,3523.0,3563.0,3518.0,3548.0,14747,21791,3543.0
2023-08-17,3551.0,3562.0,3541.0,3554.0,12551,20847,3554.0
2023-08-18,3557.0,3595.0,3553.0,3583.0,10916,20490,3577.0
2023-08-21,3585.0,3617.0,3577.0,3597.0,11888,19618,3594.0
2023-08-22,3600.0,3614.0,3571.0,3607.0,7919,19165,3593.0
2023-08-23,3602.0,3613.0,3590.0,3599.0,7628,18401,3599.0
2023-08-24,3599.0,3620.0,3598.0,3610.0,6787,17988,3610.0
2023-08-25,3606.0,3630.0,3602.0,3626.0,6401,18228,3617.0
2023-08-28,3638.0,3638.0,3612.0,3625.0,7638,17070,3622.0
2023-08-29,3618.0,3645.0,3618.0,3637.0,7379,16931,3628.0
2023-08-30,3662.0,3679.0,3632.0,3670.0,10487,14274,3659.0
2023-08-31,3670.0,3679.0,3660.0,3665.0,8106,15563,3670.0
2023-09-01,3666.0,3673.0,3654.0,3657.0,5671,16514,3662.0
2023-09-04,3640.0,3675.0,3638.0,3666.0,5987,9729,3660.0
2023-09-05,3675.0,3682.0,3649.0,3654.0,5696,17346,3664.0
2023-09-06,3658.0,3663.0,3618.0,3619.0,9135,16786,3633.0
2023-09-07,3622.0,3623.0,3602.0,3605.0,6570,16401,3612.0
2023-09-08,3603.0,3609.0,3578.0,3579.0,6355,15227,3591.0
2023-09-11,3583.0,3597.0,3580.0,3589.0,3571,15086,3587.0
2023-09-12,3588.0,3596.0,3579.0,3583.0,6560,15102,3588.0
2023-09-13,3581.0,3592.0,3579.0,3587.0,3744,14941,3584.0
2023-09-14,3587.0,3589.0,3571.0,3585.0,5421,14703,3579.0
2023-09-15,3582.0,3602.0,3573.0,3589.0,10792,14580,3588.0
2023-09-18,3589.0,3595.0,3576.0,3576.0,6439,14485,3582.0
2023-09-19,3575.0,3583.0,3565.0,3566.0,5993,14078,3572.0
2023-09-20,3566.0,3573.0,3559.0,3568.0,5236,13893,3567.0
2023-09-21,3568.0,3572.0,3544.0,3552.0,6625,12698,3557.0
2023-09-22,3552.0,3562.0,3546.0,3557.0,7523,13146,3554.0
2023-09-25,3562.0,3570.0,3551.0,3569.0,6835,12752,3561.0
2023-09-26,3574.0,3584.0,3540.0,3541.0,9888,11306,3562.0
2023-09-27,3550.0,3550.0,3522.0,3537.0,7283,10359,3534.0
2023-09-28,3548.0,3548.0,3525.0,3526.0,3700,9454,3533.0
2023-10-09,3526.0,3526.0,3480.0,3482.0,4025,8683,3495.0
2023-10-10,3501.0,3511.0,3488.0,3490.0,5133,18936,3498.0
2023-10-11,3467.0,3484.0,3460.0,3477.0,5593,7496,3473.0
2023-10-12,3519.0,3552.0,3519.0,3544.0,7094,21074,3539.0
2023-10-13,3548.0,3559.0,3539.0,3541.0,7800,21504,3547.0
2023-10-16,3543.0,3546.0,3539.0,3541.0,3903,21300,3541.0
2023-10-17,3471.0,3474.0,3463.0,3463.0,4945,6643,3468.0
2023-10-18,3465.0,3468.0,3456.0,3456.0,5403,6059,3461.0
2023-10-19,3456.0,3461.0,3448.0,3453.0,3325,5393,3453.0
2023-10-20,3541.0,3545.0,3536.0,3540.0,3037,23693,3539.0
2023-10-23,3455.0,3465.0,3450.0,3462.0,3344,3934,3455.0
2023-10-24,3564.0,3577.0,3560.0,3562.0,9534,23517,3567.0
2023-10-25,3563.0,3570.0,3562.0,3566.0,8704,23587,3565.0
2023-10-26,3565.0,3576.0,3548.0,3575.0,11432,22672,3565.0
2023-10-27,3574.0,3577.0,3556.0,3558.0,10209,20910,3566.0
2023-10-30,3560.0,3583.0,3539.0,3577.0,21536,16917,3558.0
2023-10-31,3575.0,3630.0,3573.0,3594.0,15113,15533,3590.0
2023-11-01,3590.0,3604.0,3585.0,3600.0,5782,15035,3596.0
2023-11-02,3609.0,3618.0,3587.0,3594.0,9534,12151,3600.0
2023-11-03,3580.0,3600.0,3575.0,3597.0,5934,11395,3589.0
2023-11-06,3591.0,3601.0,3578.0,3586.0,10988,16623,3587.0
2023-11-07,3587.0,3592.0,3547.0,3550.0,12361,17691,3571.0
2023-11-08,3551.0,3554.0,3524.0,3536.0,12267,17003,3540.0
2023-11-09,3538.0,3543.0,3524.0,3531.0,7833,17582,3533.0
2023-11-10,3531.0,3545.0,3530.0,3535.0,6778,17712,3538.0
2023-11-13,3536.0,3536.0,3508.0,3511.0,7300,19366,3521.0
2023-11-14,3512.0,3567.0,3509.0,3564.0,13731,21466,3547.0
2023-11-15,3558.0,3583.0,3558.0,3577.0,10416,23251,3574.0
2023-11-16,3574.0,3584.0,3557.0,3568.0,11204,25238,3570.0
2023-11-17,3570.0,3573.0,3545.0,3553.0,11559,27941,3558.0
2023-11-20,3550.0,3558.0,3536.0,3546.0,7910,29258,3549.0
2023-11-21,3545.0,3554.0,3490.0,3492.0,21039,30317,3510.0
2023-11-22,3485.0,3512.0,3485.0,3498.0,11905,30978,3502.0
2023-11-23,3494.0,3524.0,3494.0,3517.0,10363,31810,3515.0
2023-11-24,3515.0,3559.0,3515.0,3553.0,12368,33419,3541.0
2023-11-27,3553.0,3559.0,3521.0,3536.0,16673,35507,3542.0
2023-11-28,3540.0,3540.0,3512.0,3515.0,10089,37937,3521.0
2023-11-29,3515.0,3525.0,3497.0,3505.0,10202,37611,3509.0
2023-11-30,3504.0,3508.0,3488.0,3501.0,8766,36735,3498.0
2023-12-01,3500.0,3507.0,3487.0,3487.0,6189,36096,3496.0
2023-12-04,3490.0,3503.0,3481.0,3503.0,6312,35506,3491.0
2023-12-05,3501.0,3508.0,3489.0,3492.0,7205,35724,3499.0
2023-12-06,3497.0,3516.0,3471.0,3513.0,10436,34990,3491.0
2023-12-07,3518.0,3519.0,3495.0,3501.0,7392,34435,3507.0
2023-12-08,3516.0,3540.0,3516.0,3536.0,6812,20897,3533.0
2023-12-11,3540.0,3549.0,3525.0,3530.0,9702,24541,3536.0
2023-12-12,3528.0,3540.0,3528.0,3536.0,6625,27688,3535.0
2023-12-13,3536.0,3547.0,3536.0,3541.0,5103,29758,3541.0
2023-12-14,3541.0,3545.0,3538.0,3543.0,5747,32879,3541.0
2023-12-15,3545.0,3553.0,3531.0,3534.0,8636,38161,3537.0
2023-12-18,3537.0,3541.0,3532.0,3540.0,6108,41019,3537.0
2023-12-19,3506.0,3508.0,3490.0,3496.0,15736,5519,3505.0
2023-12-20,3503.0,3503.0,3494.0,3500.0,3123,2705,3501.0
2023-12-21,3532.0,3540.0,3532.0,3534.0,3049,46569,3535.0
2023-12-22,3533.0,3536.0,3521.0,3525.0,5484,47616,3528.0
2023-12-25,3526.0,3526.0,3518.0,3523.0,4569,48621,3522.0
2023-12-26,3520.0,3531.0,3520.0,3530.0,4431,49382,3525.0
2023-12-27,3526.0,3545.0,3526.0,3540.0,7472,49794,3536.0
2023-12-28,3536.0,3555.0,3535.0,3538.0,12126,49372,3545.0
2023-12-29,3536.0,3540.0,3515.0,3518.0,7331,49845,3525.0
2024-01-02,3518.0,3532.0,3492.0,3530.0,14209,38312,3518.0
2024-01-03,3528.0,3541.0,3515.0,3516.0,23909,16375,3525.0
2024-01-04,3515.0,3525.0,3513.0,3515.0,6697,10907,3515.0
2024-01-05,3513.0,3524.0,3511.0,3519.0,5195,7292,3514.0
2024-01-08,3541.0,3541.0,3520.0,3535.0,3206,6345,3528.0
2024-01-09,3535.0,3550.0,3530.0,3548.0,3724,6141,3542.0
2024-01-10,3548.0,3571.0,3538.0,3550.0,2786,5742,3550.0
2024-01-11,3553.0,3555.0,3535.0,3551.0,3253,5217,3545.0
2024-01-12,3553.0,3560.0,3545.0,3546.0,2244,4401,3552.0
2024-01-15,3548.0,3559.0,3541.0,3549.0,2159,3619,3551.0
2024-01-16,3554.0,3554.0,3536.0,3545.0,1986,2742,3543.0
2024-01-17,3546.0,3546.0,3522.0,3530.0,1558,2267,3530.0
2024-01-18,3525.0,3530.0,3522.0,3527.0,482,2147,3526.0
2024-01-19,3531.0,3531.0,3523.0,3528.0,319,2120,3527.0
2024-01-22,3492.0,3519.0,3492.0,3513.0,427,3520,3510.0
2024-01-23,3520.0,3525.0,3508.0,3521.0,619,3522,3515.0
2024-01-24,3527.0,3531.0,3511.0,3511.0,1697,3591,3520.0
2024-01-25,3505.0,3525.0,3505.0,3524.0,1026,3466,3519.0
2024-01-26,3521.0,3529.0,3514.0,3525.0,946,3491,3520.0
2024-01-29,3526.0,3529.0,3516.0,3521.0,1140,3469,3521.0
2024-01-30,3526.0,3526.0,3496.0,3502.0,1246,3429,3510.0
2024-01-31,3498.0,3510.0,3491.0,3491.0,2237,3004,3502.0
2024-02-01,3491.0,3498.0,3458.0,3459.0,1906,2476,3476.0
2024-02-02,3465.0,3465.0,3450.0,3457.0,1768,1727,3455.0
2024-02-05,3463.0,3463.0,3452.0,3460.0,938,1365,3458.0
2024-02-06,3458.0,3482.0,3458.0,3480.0,920,1127,3469.0
2024-02-07,3473.0,3483.0,3450.0,3453.0,1004,909,3465.0
2024-02-08,3485.0,3516.0,3485.0,3515.0,311,1789,3500.0
2024-02-19,3436.0,3590.0,3432.0,3439.0,430,583,3478.0
2024-02-20,3446.0,3461.0,3442.0,3450.0,297,533,3452.0
2024-02-21,3482.0,3489.0,3476.0,3480.0,763,1236,3482.0
2024-02-22,3485.0,3485.0,3465.0,3466.0,1062,963,3473.0
2024-02-23,3469.0,3469.0,3449.0,3456.0,730,1080,3457.0
2024-02-26,3457.0,3457.0,3444.0,3445.0,649,1201,3449.0
2024-02-27,3443.0,3456.0,3441.0,3453.0,702,1229,3445.0
2024-02-28,3455.0,3459.0,3448.0,3455.0,385,1232,3453.0
2024-02-29,3453.0,3458.0,3445.0,3448.0,722,1267,3449.0
2024-03-01,3446.0,3448.0,3443.0,3447.0,745,1404,3445.0
2024-03-04,3452.0,3452.0,3437.0,3439.0,876,1443,3442.0
2024-03-05,3441.0,3446.0,3440.0,3445.0,679,1376,3444.0
2024-03-06,3442.0,3445.0,3441.0,3445.0,335,1347,3443.0
2024-03-07,3444.0,3457.0,3444.0,3451.0,852,1247,3449.0
2024-03-08,3452.0,3457.0,3450.0,3457.0,490,1197,3452.0
2024-03-11,3456.0,3460.0,3444.0,3446.0,511,1095,3450.0
2024-03-12,3449.0,3451.0,3442.0,3443.0,473,1020,3445.0
2024-03-13,3448.0,3449.0,3440.0,3444.0,390,982,3443.0
2024-03-14,3444.0,3446.0,3442.0,3445.0,216,911,3443.0
2024-03-15,3569.0,3592.0,3569.0,3584.0,382,6434,3582.0
2024-03-18,3418.0,3424.0,3418.0,3423.0,155,711,3420.0
2024-03-19,3580.0,3592.0,3580.0,3582.0,629,6704,3587.0
2024-03-20,3582.0,3600.0,3582.0,3590.0,893,6868,3591.0
2024-03-21,3599.0,3599.0,3591.0,3595.0,714,6993,3595.0
2024-03-22,3600.0,3601.0,3584.0,3588.0,757,7036,3592.0
2024-03-25,3590.0,3602.0,3588.0,3597.0,460,7179,3596.0
2024-03-26,3519.0,3519.0,3514.0,3515.0,53,1560,3515.0
2024-03-27,3593.0,3598.0,3587.0,3598.0,538,7185,3592.0
2024-03-28,3599.0,3599.0,3594.0,3599.0,298,7161,3596.0
2024-03-29,3598.0,3607.0,3597.0,3601.0,1177,7235,3601.0
2024-04-01,3598.0,3605.0,3595.0,3600.0,1000,7325,3599.0
2024-04-02,3600.0,3604.0,3596.0,3603.0,509,7345,3599.0
2024-04-03,3602.0,3614.0,3600.0,3600.0,949,7379,3607.0
2024-04-08,3605.0,3613.0,3596.0,3605.0,825,7219,3604.0
2024-04-09,3605.0,3607.0,3597.0,3599.0,406,7194,3601.0
2024-04-10,3599.0,3604.0,3591.0,3604.0,581,7165,3597.0
2024-04-11,3602.0,3629.0,3602.0,3607.0,1576,6994,3613.0
2024-04-12,3609.0,3610.0,3601.0,3609.0,430,6927,3605.0
2024-04-15,3609.0,3615.0,3605.0,3609.0,885,7102,3611.0
2024-04-16,3611.0,3614.0,3605.0,3605.0,442,7042,3609.0
2024-04-17,3606.0,3609.0,3602.0,3606.0,431,7047,3605.0
2024-04-18,3607.0,3615.0,3605.0,3610.0,719,6996,3609.0
2024-04-19,3561.0,3569.0,3556.0,3557.0,217,996,3560.0
2024-04-22,3602.0,3605.0,3589.0,3598.0,734,6854,3597.0
2024-04-23,3598.0,3604.0,3593.0,3602.0,734,6847,3600.0
2024-04-24,3563.0,3578.0,3563.0,3578.0,41,906,3569.0
2024-04-25,3602.0,3611.0,3602.0,3610.0,385,6842,3604.0
2024-04-26,3581.0,3590.0,3581.0,3585.0,130,416,3588.0
2024-04-29,3617.0,3625.0,3599.0,3609.0,1534,7228,3610.0
2024-04-30,3607.0,3613.0,3601.0,3601.0,364,7169,3605.0
2024-05-06,3535.0,3539.0,3530.0,3536.0,130,3070,3536.0
2024-05-07,3525.0,3534.0,3521.0,3534.0,1313,2143,3526.0
2024-05-08,3534.0,3535.0,3499.0,3502.0,2638,3285,3514.0
2024-05-09,3573.0,3578.0,3566.0,3566.0,1559,7583,3570.0
2024-05-10,3567.0,3574.0,3562.0,3570.0,1462,7613,3566.0
2024-05-13,3570.0,3572.0,3561.0,3562.0,1211,7493,3566.0
2024-05-14,3560.0,3565.0,3555.0,3565.0,1434,7416,3561.0
2024-05-15,3564.0,3568.0,3547.0,3549.0,5407,4612,3551.0
2024-05-16,3547.0,3553.0,3543.0,3549.0,2249,4922,3549.0
2024-05-17,3550.0,3553.0,3547.0,3551.0,1600,4962,3550.0
2024-05-20,3497.0,3499.0,3492.0,3494.0,1735,4220,3496.0
2024-05-21,3496.0,3502.0,3492.0,3499.0,2264,4113,3496.0
2024-05-22,3546.0,3548.0,3535.0,3544.0,3126,5046,3540.0
2024-05-23,3544.0,3552.0,3538.0,3541.0,3143,4745,3545.0
2024-05-24,3541.0,3545.0,3528.0,3534.0,3214,4953,3536.0
2024-05-27,3532.0,3543.0,3532.0,3536.0,1879,5122,3535.0
2024-05-28,3537.0,3538.0,3529.0,3534.0,2082,5091,3533.0
2024-05-29,3497.0,3499.0,3493.0,3496.0,4236,3541,3495.0
2024-05-30,3496.0,3504.0,3468.0,3473.0,4268,2486,3490.0
2024-05-31,3477.0,3490.0,3475.0,3480.0,3467,1812,3483.0
2024-06-03,3480.0,3489.0,3468.0,3472.0,1936,1040,3479.0
2024-06-04,3520.0,3523.0,3514.0,3514.0,2656,8216,3518.0
2024-06-05,3514.0,3518.0,3506.0,3512.0,3325,8433,3513.0
2024-06-06,3512.0,3516.0,3505.0,3505.0,2491,8514,3510.0
2024-06-07,3503.0,3510.0,3503.0,3507.0,1737,8676,3507.0
2024-06-11,3509.0,3519.0,3508.0,3519.0,1493,8497,3511.0
2024-06-12,3479.0,3482.0,3471.0,3475.0,2701,263,3475.0
2024-06-13,3501.0,3504.0,3495.0,3497.0,2595,8998,3500.0
2024-06-14,3500.0,3505.0,3496.0,3499.0,4786,7570,3500.0
2024-06-17,3500.0,3500.0,3489.0,3500.0,1722,7482,3494.0
2024-06-18,3467.0,3469.0,3461.0,3461.0,2013,225,3465.0
2024-06-19,3493.0,3493.0,3483.0,3485.0,2365,7383,3486.0
2024-06-20,3486.0,3487.0,3473.0,3474.0,3090,7391,3479.0
2024-06-21,3475.0,3482.0,3474.0,3475.0,1908,7243,3478.0
2024-06-24,3478.0,3483.0,3474.0,3481.0,2750,6960,3478.0
2024-06-25,3481.0,3484.0,3473.0,3474.0,2162,6458,3478.0
2024-06-26,3494.0,3496.0,3488.0,3496.0,2906,2447,3491.0
2024-06-27,3481.0,3494.0,3473.0,3482.0,4374,5958,3486.0
2024-06-28,3485.0,3489.0,3479.0,3487.0,4446,5568,3483.0
2024-07-01,3490.0,3492.0,3470.0,3470.0,2948,4297,3479.0
2024-07-02,3514.0,3529.0,3498.0,3519.0,2038,1009,3512.0
2024-07-03,3481.0,3485.0,3478.0,3485.0,2979,3226,3480.0
2024-07-04,3485.0,3490.0,3481.0,3482.0,3251,2906,3485.0
2024-07-05,3518.0,3528.0,3510.0,3517.0,2713,1172,3520.0
2024-07-08,3488.0,3496.0,3483.0,3491.0,1987,2146,3491.0
2024-07-09,3516.0,3516.0,3506.0,3506.0,1303,1217,3511.0
2024-07-10,3483.0,3493.0,3480.0,3488.0,1796,1980,3485.0
2024-07-11,3485.0,3491.0,3483.0,3489.0,1887,5239,3486.0
2024-07-12,3496.0,3502.0,3494.0,3502.0,1327,1817,3496.0
2024-07-15,3493.0,3502.0,3493.0,3494.0,1946,5354,3496.0
2024-07-16,3503.0,3505.0,3486.0,3486.0,1285,1714,3498.0
2024-07-17,3495.0,3506.0,3495.0,3497.0,2412,1673,3500.0
2024-07-18,3498.0,3505.0,3492.0,3505.0,1354,1897,3498.0
2024-07-19,3489.0,3492.0,3483.0,3486.0,2627,5521,3487.0
2024-07-22,3485.0,3487.0,3483.0,3484.0,2419,5512,3484.0
2024-07-23,3484.0,3486.0,3481.0,3482.0,2141,5445,3482.0
2024-07-24,3482.0,3486.0,3480.0,3486.0,2504,5441,3482.0
2024-07-25,3487.0,3489.0,3483.0,3484.0,1907,5371,3485.0
2024-07-26,3504.0,3505.0,3500.0,3503.0,1788,2522,3502.0
2024-07-29,3481.0,3483.0,3479.0,3479.0,2009,5360,3481.0
2024-07-30,3480.0,3481.0,3450.0,3460.0,3317,5003,3476.0
2024-07-31,3460.0,3529.0,3458.0,3526.0,5277,4875,3489.0
2024-08-01,3523.0,3538.0,3520.0,3529.0,2783,4048,3528.0
2024-08-02,3529.0,3538.0,3522.0,3529.0,3166,2811,3529.0
2024-08-05,3530.0,3534.0,3526.0,3530.0,1475,2485,3528.0
2024-08-06,3509.0,3535.0,3507.0,3525.0,890,1418,3517.0
2024-08-07,3532.0,3543.0,3528.0,3535.0,1730,1955,3532.0
2024-08-08,3521.0,3528.0,3510.0,3510.0,1984,1479,3514.0
2024-08-09,3502.0,3506.0,3490.0,3498.0,2634,5052,3497.0
2024-08-12,3499.0,3502.0,3490.0,3501.0,1627,4945,3496.0
2024-08-13,3500.0,3502.0,3496.0,3497.0,1048,5155,3499.0
2024-08-14,3526.0,3538.0,3516.0,3522.0,2364,995,3526.0
2024-08-15,3522.0,3526.0,3517.0,3517.0,1052,901,3522.0
2024-08-16,3512.0,3521.0,3508.0,3508.0,2393,1417,3515.0
2024-08-19,3506.0,3512.0,3504.0,3510.0,2000,1436,3508.0
2024-08-20,3508.0,3510.0,3488.0,3493.0,1174,1593,3501.0
2024-08-21,3488.0,3506.0,3481.0,3493.0,1521,1768,3493.0
2024-08-22,3490.0,3500.0,3486.0,3492.0,2051,2181,3492.0
2024-08-23,3490.0,3495.0,3484.0,3488.0,1671,2382,3489.0
2024-08-26,3485.0,3493.0,3482.0,3487.0,1624,2692,3487.0
2024-08-27,3486.0,3495.0,3486.0,3488.0,1388,2927,3489.0
2024-08-28,3468.0,3485.0,3463.0,3464.0,1950,5624,3475.0
2024-08-29,3484.0,3487.0,3474.0,3479.0,2517,3650,3480.0
2024-08-30,3480.0,3486.0,3476.0,3484.0,2455,4067,3480.0
2024-09-02,3481.0,3483.0,3470.0,3474.0,1466,4525,3475.0
2024-09-03,3454.0,3516.0,3432.0,3498.0,3523,3123,3467.0
2024-09-04,3505.0,3507.0,3488.0,3495.0,1858,2418,3499.0
2024-09-05,3503.0,3528.0,3501.0,3528.0,2524,3217,3515.0
2024-09-06,3521.0,3527.0,3512.0,3524.0,1930,1497,3521.0
2024-09-09,3481.0,3494.0,3480.0,3486.0,2045,6071,3486.0
2024-09-10,3488.0,3491.0,3480.0,3480.0,1632,5986,3483.0
2024-09-11,3483.0,3483.0,3463.0,3478.0,1958,5817,3474.0
2024-09-12,3488.0,3495.0,3482.0,3486.0,1443,3356,3488.0
2024-09-13,3472.0,3483.0,3469.0,3478.0,1861,5721,3475.0
2024-09-18,3477.0,3491.0,3467.0,3487.0,1037,5728,3482.0
2024-09-19,3475.0,3486.0,3468.0,3486.0,1707,102,3475.0
2024-09-20,3489.0,3495.0,3481.0,3490.0,1285,5461,3487.0
2024-09-23,3495.0,3496.0,3481.0,3487.0,2429,3617,3489.0
2024-09-24,3488.0,3495.0,3482.0,3492.0,1732,3609,3489.0
2024-09-25,3492.0,3504.0,3486.0,3488.0,2754,4998,0.0
2024-09-26,3492.0,3495.0,3471.0,3471.0,1937,3821,3485.0
2024-09-27,3478.0,3487.0,3473.0,3476.0,3067,3728,3481.0
2024-09-30,3481.0,3498.0,3475.0,3495.0,2018,3461,3484.0
2024-10-08,3499.0,3499.0,3477.0,3480.0,1161,4737,3484.0
2024-10-09,3480.0,3501.0,3473.0,3483.0,1381,1946,3480.0
2024-10-10,3482.0,3492.0,3480.0,3484.0,1560,5445,3486.0
2024-10-11,3480.0,3481.0,3454.0,3454.0,1786,624,3477.0
2024-10-14,3456.0,3488.0,3456.0,3483.0,1808,514,3466.0
2024-10-15,3491.0,3501.0,3489.0,3498.0,1557,6120,3493.0
2024-10-16,3473.0,3475.0,3460.0,3473.0,2497,190,3468.0
2024-10-17,3469.0,3483.0,3469.0,3478.0,1464,192,3475.0
2024-10-18,3488.0,3521.0,3486.0,3518.0,3718,5824,3503.0
2024-10-21,3518.0,3549.0,3510.0,3515.0,4857,6207,3529.0
2024-10-22,3515.0,3524.0,3496.0,3496.0,3086,6120,3514.0
2024-10-23,3498.0,3507.0,3489.0,3499.0,1887,6263,3496.0
2024-10-24,3465.0,3474.0,3464.0,3464.0,126,88,3468.0
2024-10-25,3496.0,3503.0,3493.0,3503.0,1875,5904,3496.0
2024-10-28,3562.0,3562.0,3549.0,3549.0,2450,4269,3554.0
2024-10-29,3555.0,3558.0,3544.0,3544.0,2384,4342,3552.0
2024-10-30,3547.0,3557.0,3546.0,3553.0,2128,4739,3550.0
2024-10-31,3556.0,3559.0,3535.0,3541.0,1772,5019,3548.0
2024-11-01,3473.0,3479.0,3462.0,3462.0,2343,3391,3469.0
2024-11-04,3464.0,3467.0,3452.0,3454.0,1464,2918,3457.0
2024-11-05,3531.0,3544.0,3530.0,3544.0,1031,3164,3537.0
2024-11-06,3544.0,3561.0,3537.0,3537.0,1646,3475,3549.0
2024-11-07,3537.0,3544.0,3531.0,3538.0,1769,6834,3536.0
2024-11-08,3548.0,3548.0,3533.0,3536.0,1713,4279,3537.0
2024-11-11,3436.0,3450.0,3434.0,3446.0,1358,977,3442.0
2024-11-12,3538.0,3540.0,3530.0,3530.0,1941,6620,3535.0
2024-11-13,3532.0,3543.0,3521.0,3528.0,2492,6283,3532.0
2024-11-14,3446.0,3452.0,3442.0,3443.0,1618,483,3445.0
2024-11-15,3536.0,3541.0,3523.0,3528.0,2811,5029,3536.0
2024-11-18,3526.0,3530.0,3483.0,3488.0,2243,5166,3507.0
2024-11-19,3505.0,3521.0,3501.0,3506.0,2768,6370,3509.0
2024-11-20,3508.0,3519.0,3498.0,3506.0,2493,6335,3509.0
2024-11-21,3469.0,3478.0,3469.0,3475.0,1437,5672,3473.0
2024-11-22,3475.0,3478.0,3469.0,3473.0,1140,5677,3474.0
2024-11-25,3506.0,3508.0,3502.0,3504.0,2293,6527,3505.0
2024-11-26,3506.0,3509.0,3492.0,3501.0,3206,6575,3502.0
2024-11-27,3501.0,3501.0,3490.0,3498.0,3453,6512,3495.0
2024-11-28,3498.0,3500.0,3490.0,3496.0,3086,6233,3494.0
2024-11-29,3453.0,3468.0,3452.0,3467.0,4778,6409,3456.0
2024-12-02,3466.0,3467.0,3448.0,3448.0,1782,6715,3457.0
2024-12-03,3473.0,3474.0,3431.0,3448.0,2898,2470,3450.0
2024-12-04,3438.0,3440.0,3434.0,3435.0,1657,6823,3437.0
2024-12-05,3449.0,3449.0,3427.0,3434.0,1273,3222,3439.0
2024-12-06,3430.0,3433.0,3417.0,3418.0,2574,6856,3425.0
2024-12-09,3436.0,3442.0,3432.0,3438.0,1278,3742,3436.0
2024-12-10,3425.0,3426.0,3419.0,3421.0,2124,6718,3422.0
2024-12-11,3422.0,3433.0,3420.0,3428.0,2617,6581,3426.0
2024-12-12,3430.0,3430.0,3421.0,3426.0,1812,6552,3423.0
2024-12-13,3436.0,3443.0,3436.0,3436.0,1484,4603,3438.0
2024-12-16,3422.0,3427.0,3417.0,3427.0,1271,6345,3420.0
2024-12-17,3438.0,3455.0,3438.0,3453.0,1110,4830,3449.0
2024-12-18,3515.0,3515.0,3492.0,3494.0,652,1886,3501.0
2024-12-19,3433.0,3433.0,3405.0,3420.0,3195,6574,3413.0
2024-12-20,3420.0,3431.0,3410.0,3427.0,2686,6334,3420.0
2024-12-23,3427.0,3434.0,3403.0,3405.0,2712,6471,3418.0
2024-12-24,3404.0,3408.0,3397.0,3403.0,2600,6551,3403.0
2024-12-25,3404.0,3406.0,3397.0,3402.0,2093,6512,3402.0
2024-12-26,3398.0,3404.0,3397.0,3397.0,1481,6499,3400.0
2024-12-27,3397.0,3408.0,3396.0,3404.0,1792,6531,3402.0
2024-12-30,3404.0,3436.0,3403.0,3421.0,2012,6542,3416.0
2024-12-31,3420.0,3430.0,3419.0,3427.0,1744,6341,3424.0
2025-01-02,3438.0,3445.0,3424.0,3441.0,2103,7147,3437.0
2025-01-03,3439.0,3445.0,3427.0,3442.0,2523,8348,3436.0
2025-01-06,3442.0,3477.0,3441.0,3464.0,2990,8829,3456.0
2025-01-07,3465.0,3493.0,3461.0,3480.0,2891,9419,3479.0
2025-01-08,3480.0,3514.0,3474.0,3507.0,3350,10053,3499.0
2025-01-09,3507.0,3525.0,3504.0,3515.0,2113,10359,3514.0
2025-01-10,3515.0,3531.0,3512.0,3529.0,2152,10741,3522.0
2025-01-13,3531.0,3539.0,3516.0,3521.0,2515,11513,3525.0
2025-01-14,3520.0,3527.0,3512.0,3514.0,1598,11424,3517.0
2025-01-15,3514.0,3525.0,3509.0,3515.0,1192,11417,3516.0
2025-01-16,3513.0,3522.0,3511.0,3511.0,1342,11260,3516.0
2025-01-17,3511.0,3520.0,3502.0,3518.0,1229,11017,3514.0
2025-01-20,3518.0,3525.0,3504.0,3513.0,1494,10774,3514.0
2025-01-21,3513.0,3543.0,3501.0,3514.0,2035,10193,3516.0
2025-01-22,3515.0,3524.0,3511.0,3514.0,1638,9816,3517.0
2025-01-23,3516.0,3522.0,3515.0,3520.0,996,9783,3518.0
2025-01-24,3518.0,3523.0,3501.0,3519.0,717,9645,3516.0
2025-01-27,3520.0,3542.0,3516.0,3531.0,1701,9737,3532.0
2025-02-05,3531.0,3541.0,3525.0,3540.0,473,9662,3536.0
2025-02-06,3539.0,3544.0,3532.0,3533.0,824,9424,3536.0
2025-02-07,3534.0,3543.0,3530.0,3542.0,1666,8358,3535.0
2025-02-10,3542.0,3555.0,3538.0,3549.0,391,8321,3545.0
2025-02-11,3550.0,3554.0,3545.0,3553.0,605,8104,3550.0
2025-02-12,3551.0,3559.0,3551.0,3558.0,318,8014,3556.0
2025-02-13,3558.0,3562.0,3547.0,3557.0,525,7958,3556.0
2025-02-14,3558.0,3565.0,3556.0,3561.0,525,7823,3561.0
2025-02-17,3563.0,3585.0,3550.0,3567.0,1917,6566,3570.0
2025-02-18,3567.0,3598.0,3561.0,3567.0,1739,5603,3566.0
2025-02-19,3567.0,3568.0,3535.0,3555.0,1612,5413,3551.0
2025-02-20,3501.0,3531.0,3499.0,3523.0,3229,6382,3518.0
2025-02-21,3525.0,3534.0,3509.0,3523.0,3640,6691,3522.0
2025-02-24,3523.0,3531.0,3517.0,3521.0,1670,6698,3522.0
2025-02-25,3522.0,3541.0,3516.0,3519.0,1750,6673,3527.0
2025-02-26,3518.0,3531.0,3511.0,3518.0,2239,6428,3517.0
2025-02-27,3516.0,3524.0,3501.0,3519.0,1804,5966,3513.0
2025-02-28,3517.0,3534.0,3514.0,3518.0,1015,5764,3523.0
2025-03-03,3518.0,3527.0,3504.0,3506.0,1401,5009,3520.0
2025-03-04,3500.0,3504.0,3491.0,3503.0,337,5111,3501.0
2025-03-05,3503.0,3507.0,3498.0,3502.0,1168,5742,3501.0
2025-03-06,3501.0,3505.0,3499.0,3502.0,1369,5377,3501.0
2025-03-07,3502.0,3506.0,3494.0,3501.0,2661,5368,3499.0
2025-03-10,3501.0,3503.0,3477.0,3477.0,2255,5929,3496.0
2025-03-11,3482.0,3489.0,3479.0,3484.0,2702,6026,3483.0
2025-03-12,3484.0,3490.0,3478.0,3488.0,1059,6427,3483.0
2025-03-13,3488.0,3513.0,3483.0,3500.0,3401,6968,3493.0
2025-03-14,3501.0,3502.0,3481.0,3493.0,1478,7196,3489.0
2025-03-17,3493.0,3504.0,3485.0,3504.0,995,7099,3495.0
2025-03-18,3504.0,3509.0,3494.0,3509.0,1464,7152,3501.0
2025-03-19,3506.0,3515.0,3496.0,3509.0,1968,7496,3506.0
2025-03-20,3506.0,3513.0,3502.0,3505.0,731,7508,3507.0
2025-03-21,3507.0,3511.0,3470.0,3474.0,2628,7694,3485.0
2025-03-24,3476.0,3525.0,3471.0,3517.0,3477,7452,3499.0
2025-03-25,3519.0,3537.0,3518.0,3531.0,1377,7584,3529.0
2025-03-26,3531.0,3535.0,3502.0,3506.0,2027,7349,3515.0
2025-03-27,3505.0,3505.0,3482.0,3488.0,2262,7451,3491.0
2025-03-28,3488.0,3505.0,3471.0,3471.0,1949,7206,3489.0
2025-03-31,3473.0,3494.0,3473.0,3493.0,1048,6953,3486.0
2025-04-01,3492.0,3503.0,3489.0,3503.0,465,6807,3496.0
2025-04-02,3499.0,3504.0,3489.0,3497.0,473,6690,3497.0
2025-04-03,3502.0,3502.0,3492.0,3495.0,868,6121,3495.0
2025-04-07,3495.0,3504.0,3490.0,3495.0,494,5957,3497.0
2025-04-08,3500.0,3506.0,3491.0,3495.0,951,5296,3497.0
2025-04-09,3520.0,3529.0,3513.0,3525.0,732,5937,3520.0
2025-04-10,3525.0,3529.0,3503.0,3507.0,1705,6098,3518.0
2025-04-11,3508.0,3518.0,3497.0,3506.0,1522,5979,3508.0
2025-04-14,3506.0,3514.0,3506.0,3512.0,426,6076,3510.0
2025-04-15,3510.0,3525.0,3509.0,3519.0,819,5954,3518.0
2025-04-16,3520.0,3524.0,3515.0,3521.0,534,5856,3518.0
2025-04-17,3522.0,3525.0,3512.0,3523.0,641,5836,3517.0
2025-04-18,3523.0,3526.0,3518.0,3526.0,572,6032,3522.0
2025-04-21,3526.0,3578.0,3525.0,3568.0,3890,6457,3555.0
2025-04-22,3576.0,3595.0,3564.0,3587.0,1814,6956,3577.0
2025-04-23,3586.0,3586.0,3565.0,3575.0,2033,7022,3578.0
2025-04-24,3580.0,3587.0,3572.0,3577.0,1296,6974,3579.0
2025-04-25,3577.0,3595.0,3577.0,3594.0,1085,7142,3587.0
2025-04-28,3589.0,3598.0,3583.0,3584.0,1461,7124,3589.0
2025-04-29,3582.0,3594.0,3575.0,3591.0,2851,6318,3585.0
2025-04-30,3589.0,3590.0,3580.0,3584.0,1086,5874,3586.0
2025-05-06,3583.0,3594.0,3583.0,3586.0,937,5487,3587.0
2025-05-07,3586.0,3587.0,3575.0,3580.0,1160,5016,3581.0
2025-05-08,3596.0,3602.0,3587.0,3596.0,882,5999,3595.0
2025-05-09,3592.0,3610.0,3592.0,3610.0,587,6219,3602.0
2025-05-12,3611.0,3630.0,3594.0,3596.0,1378,6603,3609.0
2025-05-13,3600.0,3603.0,3593.0,3603.0,631,6720,3597.0
2025-05-14,3604.0,3627.0,3602.0,3618.0,1182,7042,3618.0
2025-05-15,3620.0,3622.0,3614.0,3621.0,698,7121,3617.0
2025-05-16,3622.0,3638.0,3619.0,3623.0,1710,7495,3627.0
2025-05-19,3625.0,3644.0,3621.0,3641.0,1410,7853,3630.0
2025-05-20,3642.0,3644.0,3598.0,3631.0,2246,7883,3625.0
2025-05-21,3634.0,3639.0,3630.0,3632.0,518,7928,3633.0
2025-05-22,3633.0,3636.0,3627.0,3629.0,1188,7977,3631.0
2025-05-23,3630.0,3635.0,3625.0,3632.0,788,8016,3630.0
2025-05-26,3633.0,3638.0,3627.0,3628.0,649,7924,3631.0
2025-05-27,3630.0,3638.0,3621.0,3635.0,741,8037,3631.0
2025-05-28,3633.0,3637.0,3628.0,3632.0,833,7918,3631.0
2025-05-29,3630.0,3639.0,3629.0,3633.0,600,7956,3633.0
2025-05-30,3633.0,3638.0,3630.0,3634.0,693,7982,3634.0
2025-06-03,3634.0,3694.0,3621.0,3621.0,1761,7253,3640.0
2025-06-04,3626.0,3639.0,3621.0,3632.0,1348,6645,3630.0
2025-06-05,3631.0,3632.0,3626.0,3631.0,419,6520,3628.0
2025-06-06,3630.0,3637.0,3627.0,3630.0,699,6154,3631.0
2025-06-09,3630.0,3635.0,3619.0,3627.0,631,5840,3628.0
2025-06-10,3626.0,3633.0,3612.0,3633.0,1208,5404,3628.0
2025-06-11,3629.0,3629.0,3603.0,3605.0,935,6262,3618.0
2025-06-12,3606.0,3611.0,3600.0,3606.0,1201,6580,3606.0
2025-06-13,3600.0,3619.0,3600.0,3608.0,1541,6768,3608.0
2025-06-16,3607.0,3617.0,3602.0,3604.0,1212,6960,3608.0
2025-06-17,3608.0,3608.0,3598.0,3598.0,665,6950,3603.0
2025-06-18,3598.0,3607.0,3596.0,3601.0,725,6962,3600.0
2025-06-19,3598.0,3630.0,3598.0,3628.0,1102,7128,3613.0
2025-06-20,3631.0,3637.0,3613.0,3615.0,1285,7240,3621.0
2025-06-23,3619.0,3623.0,3594.0,3598.0,1962,7325,3605.0
2025-06-24,3598.0,3602.0,3585.0,3586.0,828,7233,3595.0
2025-06-25,3583.0,3586.0,3562.0,3579.0,1818,6921,3576.0
2025-06-26,3576.0,3596.0,3573.0,3588.0,1864,6570,3587.0
2025-06-27,3587.0,3592.0,3585.0,3587.0,826,6450,3587.0
2025-06-30,3586.0,3590.0,3582.0,3584.0,669,6377,3585.0
2025-07-01,3585.0,3589.0,3564.0,3568.0,2224,5407,3579.0
2025-07-02,3602.0,3606.0,3597.0,3598.0,1550,7438,3600.0
2025-07-03,3598.0,3605.0,3587.0,3593.0,1988,8064,3595.0
2025-07-04,3595.0,3607.0,3592.0,3601.0,3507,8101,3601.0
2025-07-07,3602.0,3607.0,3591.0,3598.0,1250,8021,3598.0
2025-07-08,3597.0,3600.0,3592.0,3596.0,1209,8364,3595.0
2025-07-09,3593.0,3598.0,3592.0,3596.0,1111,8510,3595.0
2025-07-10,3596.0,3605.0,3584.0,3595.0,1997,8457,3595.0
2025-07-11,3596.0,3600.0,3594.0,3599.0,397,8466,3596.0
2025-07-14,3598.0,3618.0,3589.0,3598.0,1523,8432,3603.0
2025-07-15,3599.0,3614.0,3596.0,3612.0,932,8551,3605.0
2025-07-16,3611.0,3622.0,3604.0,3620.0,1285,8736,3613.0
2025-07-17,3619.0,3621.0,3614.0,3619.0,1086,8712,3617.0
2025-07-18,3620.0,3621.0,3615.0,3619.0,843,8758,3618.0
2025-07-21,3619.0,3636.0,3585.0,3609.0,2749,8937,3622.0
2025-07-22,3610.0,3614.0,3594.0,3607.0,4099,7977,3603.0
2025-07-23,3605.0,3611.0,3593.0,3611.0,4935,7422,3601.0
2025-07-24,3612.0,3633.0,3601.0,3602.0,4856,7289,3618.0
2025-07-25,3602.0,3612.0,3598.0,3606.0,2105,7068,3605.0
2025-07-28,3607.0,3608.0,3603.0,3603.0,816,7028,3606.0
2025-07-29,3602.0,3627.0,3597.0,3624.0,1310,6926,3611.0
2025-07-30,3620.0,3627.0,3611.0,3618.0,1092,6720,3619.0
2025-07-31,3617.0,3626.0,3608.0,3612.0,1680,6096,3615.0
2025-08-01,3606.0,3620.0,3605.0,3614.0,847,5848,3615.0
2025-08-04,3627.0,3629.0,3618.0,3621.0,678,5922,3622.0
2025-08-05,3622.0,3625.0,3616.0,3617.0,521,5959,3618.0
2025-08-06,3621.0,3624.0,3615.0,3620.0,758,5924,3619.0
2025-08-07,3618.0,3620.0,3612.0,3612.0,1160,5875,3615.0
2025-08-08,3614.0,3617.0,3606.0,3608.0,1351,6012,3609.0
2025-08-11,3607.0,3618.0,3607.0,3616.0,1443,6393,3613.0
2025-08-12,3617.0,3618.0,3609.0,3615.0,1031,6483,3612.0
2025-08-13,3613.0,3618.0,3601.0,3612.0,1057,6592,3612.0
2025-08-14,3608.0,3616.0,3608.0,3615.0,1398,6714,3612.0
2025-08-15,3613.0,3618.0,3607.0,3612.0,926,6875,3612.0
2025-08-18,3613.0,3618.0,3610.0,3614.0,596,6841,3613.0
2025-08-19,3615.0,3615.0,3600.0,3603.0,311,6860,3609.0
2025-08-20,3605.0,3617.0,3604.0,3616.0,1024,6910,3612.0
2025-08-21,3614.0,3616.0,3606.0,3612.0,1228,6847,3611.0
2025-08-22,3612.0,3617.0,3607.0,3613.0,1395,6839,3612.0
2025-08-25,3611.0,3613.0,3609.0,3612.0,394,6834,3610.0
2025-08-26,3611.0,3613.0,3609.0,3613.0,116,6783,3610.0
2025-08-27,3612.0,3615.0,3609.0,3610.0,491,6627,3611.0
2025-08-28,3611.0,3613.0,3609.0,3613.0,850,6380,3610.0
2025-08-29,3613.0,3615.0,3605.0,3611.0,768,6173,3611.0
2025-09-01,3613.0,3615.0,3609.0,3613.0,447,6003,3611.0
2025-09-02,3613.0,3615.0,3610.0,3611.0,275,5898,3611.0
2025-09-03,3612.0,3613.0,3604.0,3610.0,518,6088,3610.0
2025-09-04,3610.0,3613.0,3606.0,3611.0,373,6255,3609.0
2025-09-05,3611.0,3616.0,3611.0,3616.0,1266,6490,3613.0
2025-09-08,3614.0,3618.0,3609.0,3612.0,397,6582,3613.0
2025-09-09,3612.0,3616.0,3610.0,3616.0,920,6629,3613.0
2025-09-10,3615.0,3616.0,3608.0,3610.0,562,6597,3611.0
2025-09-11,3608.0,3612.0,3596.0,3598.0,1546,6883,3603.0
2025-09-12,3595.0,3606.0,3595.0,3601.0,1243,6996,3599.0
2025-09-15,3602.0,3603.0,3598.0,3600.0,478,7091,3600.0
2025-09-16,3600.0,3604.0,3598.0,3604.0,448,7155,3602.0
2025-09-17,3604.0,3616.0,3597.0,3606.0,1993,6883,3605.0
2025-09-18,3605.0,3610.0,3600.0,3609.0,993,6903,3605.0
2025-09-19,3610.0,3619.0,3608.0,3614.0,1110,6914,3614.0
2025-09-22,3613.0,3620.0,3611.0,3618.0,1298,7133,3615.0
2025-09-23,3616.0,3619.0,3613.0,3616.0,1642,7656,3615.0
2025-09-24,3615.0,3616.0,3612.0,3615.0,628,7787,3614.0
2025-09-25,3615.0,3616.0,3609.0,3616.0,1078,7892,3612.0
2025-09-26,3616.0,3617.0,3610.0,3615.0,707,8014,3613.0
2025-09-29,3614.0,3617.0,3609.0,3613.0,1634,7982,3613.0
2025-09-30,3613.0,3627.0,3612.0,3627.0,4545,6965,3616.0
2025-10-09,3606.0,3606.0,3590.0,3594.0,1410,7945,3596.0
2025-10-10,3594.0,3614.0,3594.0,3610.0,2153,7949,3605.0
2025-10-13,3608.0,3623.0,3603.0,3609.0,1773,8080,3611.0
2025-10-14,3610.0,3614.0,3605.0,3608.0,1596,8305,3608.0
2025-10-15,3603.0,3613.0,3603.0,3607.0,2222,8788,3608.0
2025-10-16,3607.0,3610.0,3603.0,3610.0,1164,8982,3606.0
2025-10-17,3608.0,3611.0,3586.0,3595.0,2507,9384,3598.0
2025-10-20,3593.0,3601.0,3593.0,3597.0,2383,9772,3597.0
2025-10-21,3594.0,3607.0,3594.0,3607.0,2824,10226,3599.0
2025-10-22,3605.0,3605.0,3579.0,3585.0,9507,11099,3591.0
2025-10-23,3578.0,3590.0,3571.0,3582.0,5166,11594,3581.0
2025-10-24,3580.0,3585.0,3575.0,3576.0,2571,11809,3579.0
2025-10-27,3576.0,3583.0,3569.0,3580.0,1359,11887,3577.0
2025-10-28,3576.0,3583.0,3572.0,3577.0,1424,11937,3577.0
2025-10-29,3576.0,3581.0,3571.0,3580.0,2144,11987,3576.0
2025-10-30,3578.0,3578.0,3569.0,3573.0,2220,11649,3573.0
2025-10-31,3576.0,3577.0,3561.0,3570.0,4897,11670,3568.0
2025-11-03,3580.0,3583.0,3575.0,3578.0,1665,12403,3579.0
2025-11-04,3577.0,3583.0,3574.0,3580.0,2465,13727,3579.0
2025-11-05,3579.0,3597.0,3578.0,3582.0,2637,14385,3583.0
2025-11-06,3580.0,3586.0,3579.0,3582.0,1358,14955,3583.0
2025-11-07,3581.0,3590.0,3573.0,3587.0,3951,15664,3578.0
2025-11-10,3584.0,3589.0,3569.0,3588.0,3979,16019,3580.0
2025-11-11,3584.0,3588.0,3579.0,3582.0,2216,16507,3583.0
2025-11-12,3587.0,3596.0,3578.0,3591.0,3149,16678,3585.0
2025-11-13,3592.0,3597.0,3584.0,3596.0,4363,17054,3588.0
2025-11-14,3595.0,3601.0,3587.0,3590.0,3067,17103,3590.0
2025-11-17,3591.0,3592.0,3584.0,3590.0,2010,17379,3588.0
2025-11-18,3589.0,3592.0,3577.0,3584.0,3015,17707,3584.0
2025-11-19,3584.0,3591.0,3581.0,3590.0,906,17863,3586.0
2025-11-20,3590.0,3593.0,3586.0,3593.0,421,17848,3590.0
2025-11-21,3592.0,3597.0,3588.0,3596.0,1783,18141,3592.0
2025-11-24,3600.0,3608.0,3579.0,3586.0,4583,18519,3587.0
2025-11-25,3586.0,3595.0,3580.0,3594.0,2462,18596,3589.0
2025-11-26,3595.0,3605.0,3588.0,3594.0,2547,18605,3593.0
2025-11-27,3594.0,3594.0,3585.0,3587.0,850,18621,3588.0
2025-11-28,3587.0,3592.0,3585.0,3592.0,343,18622,3587.0
2025-12-01,3592.0,3596.0,3586.0,3595.0,473,18354,3592.0
2025-12-02,3594.0,3603.0,3593.0,3595.0,630,18097,3597.0
2025-12-03,3597.0,3603.0,3593.0,3601.0,4005,14640,3598.0
2025-12-04,3594.0,3599.0,3591.0,3596.0,609,15300,3595.0
2025-12-05,3595.0,3602.0,3595.0,3598.0,530,15469,3599.0
2025-12-08,3599.0,3605.0,3598.0,3603.0,921,15604,3601.0
2025-12-09,3603.0,3607.0,3600.0,3604.0,627,15619,3603.0
2025-12-10,3604.0,3607.0,3600.0,3607.0,815,15580,3604.0
2025-12-11,3606.0,3609.0,3603.0,3603.0,581,15463,3605.0
2025-12-12,3605.0,3608.0,3601.0,3605.0,496,15477,3604.0
2025-12-15,3604.0,3610.0,3602.0,3610.0,330,15506,3605.0
2025-12-16,3610.0,3610.0,3606.0,3606.0,291,15481,3607.0
2025-12-17,3607.0,3610.0,3605.0,3608.0,208,15466,3607.0
2025-12-18,3609.0,3609.0,3601.0,3607.0,448,15380,3605.0
2025-12-19,3606.0,3608.0,3597.0,3608.0,651,15390,3602.0
2025-12-22,3608.0,3608.0,3601.0,3604.0,471,15478,3603.0
2025-12-23,3604.0,3606.0,3597.0,3604.0,1275,15720,3601.0
2025-12-24,3604.0,3607.0,3593.0,3606.0,1135,15843,3601.0
2025-12-25,3603.0,3611.0,3602.0,3602.0,1123,15708,3606.0
2025-12-26,3601.0,3612.0,3600.0,3604.0,1037,16004,3607.0
2025-12-29,3604.0,3613.0,3600.0,3609.0,1815,16427,3606.0
2025-12-30,3608.0,3617.0,3596.0,3608.0,3420,15213,3607.0
2025-12-31,3607.0,3618.0,3605.0,3618.0,815,15350,3611.0
2026-01-05,3618.0,3638.0,3608.0,3631.0,1560,15368,3628.0
2026-01-06,3630.0,3638.0,3628.0,3637.0,2128,14645,3634.0
2026-01-07,3636.0,3650.0,3636.0,3648.0,1872,13700,3643.0
2026-01-08,3649.0,3653.0,3645.0,3650.0,1455,13032,3649.0
2026-01-09,3652.0,3653.0,3647.0,3650.0,491,12902,3649.0
2026-01-12,3649.0,3659.0,3648.0,3659.0,1087,12685,3654.0
2026-01-13,3658.0,3661.0,3656.0,3659.0,1891,11316,3658.0
2026-01-14,3655.0,3665.0,3653.0,3660.0,2379,10686,3657.0
2026-01-15,3661.0,3668.0,3659.0,3662.0,1584,9784,3662.0
2026-01-16,3579.0,3581.0,3575.0,3581.0,1753,10998,3577.0
2026-01-19,3581.0,3581.0,3570.0,3576.0,2253,11803,3574.0
2026-01-20,3576.0,3578.0,3571.0,3572.0,1175,12079,3574.0
2026-01-21,3574.0,3576.0,3571.0,3576.0,758,12124,3574.0
2026-01-22,3575.0,3578.0,3570.0,3577.0,997,12133,3574.0
2026-01-23,3577.0,3582.0,3567.0,3576.0,4660,12913,3573.0
2026-01-26,3578.0,3611.0,3576.0,3608.0,5445,14414,3591.0
2026-01-27,3611.0,3611.0,3596.0,3601.0,2589,14097,3602.0
2026-01-28,3601.0,3608.0,3586.0,3594.0,3270,13000,3594.0
2026-01-29,3617.0,3629.0,3581.0,3600.0,9105,11256,3609.0
2026-01-30,3600.0,3604.0,3552.0,3554.0,7228,12712,3567.0
2026-02-02,3545.0,3563.0,3541.0,3547.0,5663,10981,3552.0
2026-02-03,3607.0,3613.0,3597.0,3611.0,1858,14173,3607.0
2026-02-04,3607.0,3615.0,3596.0,3609.0,2287,14294,3605.0
2026-02-05,3608.0,3613.0,3592.0,3605.0,2870,14329,3600.0
2026-02-06,3599.0,3620.0,3599.0,3618.0,2296,15283,3612.0
2026-02-09,3622.0,3624.0,3613.0,3614.0,1054,15189,3618.0
2026-02-10,3614.0,3621.0,3611.0,3617.0,377,15221,3616.0
2026-02-11,3619.0,3619.0,3611.0,3614.0,1593,15125,3614.0
2026-02-12,3613.0,3619.0,3612.0,3615.0,523,14981,3615.0
2026-02-13,3616.0,3624.0,3608.0,3617.0,758,14839,3616.0
2026-02-24,3618.0,3631.0,3615.0,3629.0,551,14766,3626.0
2026-02-25,3629.0,3636.0,3623.0,3630.0,981,14569,3628.0
2026-02-26,3628.0,3642.0,3620.0,3626.0,1399,14316,3631.0
2026-02-27,3626.0,3635.0,3621.0,3635.0,816,14306,3628.0
2026-03-02,3635.0,3636.0,3626.0,3629.0,887,14062,3630.0
2026-03-03,3628.0,3633.0,3626.0,3629.0,973,13487,3630.0
2026-03-04,3633.0,3641.0,3627.0,3629.0,1177,13114,3632.0
2026-03-05,3627.0,3644.0,3627.0,3635.0,1667,12442,3635.0
2026-03-06,3633.0,3644.0,3631.0,3636.0,538,12287,3636.0
2026-03-09,3639.0,3672.0,3616.0,3626.0,5341,10795,3639.0
2026-03-10,3630.0,3640.0,3611.0,3638.0,2219,10423,3626.0
2026-03-11,3633.0,3644.0,3630.0,3639.0,1055,10251,3636.0
2026-03-12,3577.0,3587.0,3576.0,3576.0,2440,11143,3579.0
2026-03-13,3576.0,3583.0,3570.0,3576.0,1833,11566,3577.0
2026-03-16,3577.0,3582.0,3570.0,3575.0,1101,11750,3575.0
2026-03-17,3576.0,3582.0,3571.0,3576.0,2359,12424,3575.0
2026-03-18,3573.0,3580.0,3571.0,3579.0,970,12534,3574.0
2026-03-19,3578.0,3580.0,3571.0,3572.0,1421,12725,3576.0
2026-03-20,3571.0,3578.0,3571.0,3576.0,523,12881,3574.0
2026-03-23,3575.0,3585.0,3575.0,3582.0,1288,13386,3579.0
2026-03-24,3582.0,3597.0,3543.0,3585.0,5561,14951,3579.0
2026-03-25,3583.0,3737.0,3583.0,3603.0,64683,19869,3663.0
2026-03-26,3606.0,3632.0,3563.0,3576.0,20568,21096,3596.0
2026-03-27,3566.0,3587.0,3565.0,3575.0,6995,22101,3573.0
2026-03-30,3579.0,3616.0,3573.0,3609.0,8569,22661,3598.0
2026-03-31,3597.0,3608.0,3581.0,3586.0,6720,21011,3593.0
2026-04-01,3583.0,3597.0,3581.0,3587.0,3173,20172,3588.0
2026-04-02,3597.0,3604.0,3583.0,3600.0,4335,19533,3591.0
2026-04-03,3591.0,3605.0,3577.0,3583.0,5309,18820,3592.0
2026-04-07,3588.0,3588.0,3564.0,3573.0,3248,16884,3579.0
2026-04-08,3577.0,3580.0,3552.0,3569.0,1879,16298,3573.0
2026-04-09,3580.0,3585.0,3565.0,3579.0,1354,16029,3577.0
2026-04-10,3579.0,3603.0,3573.0,3603.0,3751,15610,3588.0
2026-04-13,3603.0,3613.0,3588.0,3600.0,3262,15291,3600.0
2026-04-14,3597.0,3611.0,3596.0,3601.0,1064,14985,3601.0
2026-04-15,3573.0,3575.0,3562.0,3571.0,1541,15933,3566.0
2026-04-16,3572.0,3573.0,3561.0,3566.0,2744,17317,3565.0
2026-04-17,3563.0,3576.0,3562.0,3568.0,2958,18315,3568.0
2026-04-20,3572.0,3607.0,3567.0,3599.0,6871,20449,3584.0
2026-04-21,3603.0,3614.0,3560.0,3607.0,11954,21465,3585.0
2026-04-22,3600.0,3620.0,3600.0,3608.0,4472,21798,3613.0
2026-04-23,3609.0,3619.0,3608.0,3617.0,3494,22746,3614.0
2026-04-24,3619.0,3620.0,3612.0,3618.0,1860,23162,3615.0
2026-04-27,3616.0,3624.0,3605.0,3614.0,3165,24153,3614.0
2026-04-28,3613.0,3618.0,3603.0,3613.0,3876,24592,3611.0
2026-04-29,3612.0,3614.0,3605.0,3610.0,4084,25795,3611.0
2026-04-30,3611.0,3614.0,3607.0,3611.0,2655,25809,3610.0
2026-05-06,3616.0,3616.0,3608.0,3611.0,1248,25974,3611.0
2026-05-07,3609.0,3634.0,3608.0,3617.0,7657,23557,3620.0
2026-05-08,3624.0,3624.0,3614.0,3623.0,2159,23689,3619.0
2026-05-11,3620.0,3625.0,3616.0,3624.0,1541,23250,3621.0
2026-05-12,3544.0,3549.0,3544.0,3545.0,1177,24268,3546.0
2026-05-13,3545.0,3549.0,3542.0,3543.0,1458,24887,3545.0
2026-05-14,3542.0,3549.0,3538.0,3543.0,2260,25461,3543.0
2026-05-15,3546.0,3547.0,3539.0,3544.0,1397,25825,3543.0
2026-05-18,3542.0,3547.0,3541.0,3544.0,1493,26414,3543.0
2026-05-19,3544.0,3547.0,3542.0,3543.0,1651,27218,3544.0
2026-05-20,3543.0,3549.0,3542.0,3544.0,1737,27657,3544.0
2026-05-21,3546.0,3546.0,3541.0,3542.0,1467,27994,3542.0
2026-05-22,3542.0,3547.0,3540.0,3544.0,1649,27994,3543.0
2026-05-25,3544.0,3548.0,3543.0,3545.0,1867,28084,3545.0
2026-05-26,3545.0,3551.0,3540.0,3543.0,2661,28517,3544.0
2026-05-27,3541.0,3547.0,3536.0,3543.0,4121,29235,3542.0
2026-05-28,3542.0,3554.0,3541.0,3546.0,5883,30574,3548.0
2026-05-29,3545.0,3591.0,3544.0,3584.0,13729,30755,3569.0
2026-06-01,3574.0,3583.0,3555.0,3563.0,6159,30288,3566.0
2026-06-02,3562.0,3569.0,3556.0,3569.0,2727,30025,3562.0
2026-06-03,3563.0,3570.0,3557.0,3567.0,4424,29976,3564.0
2026-06-04,3566.0,3573.0,3535.0,3550.0,7436,29975,3552.0
2026-06-05,3545.0,3551.0,3523.0,3536.0,5409,30090,3535.0
2026-06-08,3536.0,3618.0,3534.0,3613.0,17221,31405,3591.0
2026-06-09,3613.0,3617.0,3602.0,3611.0,5177,30863,3609.0
2026-06-10,3616.0,3618.0,3604.0,3615.0,2524,30347,3611.0
