,0
2020-03-02,0.0
2020-03-03,0.0
2020-03-04,0.0
2020-03-05,0.0
2020-03-06,0.0
2020-03-09,0.0
2020-03-10,0.0
2020-03-11,0.0
2020-03-12,0.0
2020-03-13,0.0
2020-03-16,0.0
2020-03-17,0.0
2020-03-18,0.0
2020-03-19,0.0
2020-03-20,0.0
2020-03-23,0.0
2020-03-24,0.0
2020-03-25,0.0
2020-03-26,0.0
2020-03-27,0.0
2020-03-30,0.0
2020-03-31,-0.03372100715310756
2020-04-01,-0.019129680052342016
2020-04-02,0.0053656275655382946
2020-04-03,-0.009257766200841108
2020-04-07,-0.013611537993651779
2020-04-08,0.0035364289194413367
2020-04-09,-0.004009190965033535
2020-04-10,0.01713939974142646
2020-04-13,0.011203399275951667
2020-04-14,-0.0066799790736508935
2020-04-15,0.0021592598213477643
2020-04-16,0.016747678498819932
2020-04-17,-0.006594293109189686
2020-04-20,0.013948225070422468
2020-04-21,-0.0019708369100814443
2020-04-22,0.020718036835326734
2020-04-23,-0.020362725885657018
2020-04-24,0.011987198072265226
2020-04-27,-0.002773268654146191
2020-04-28,0.006253114127834317
2020-04-29,-0.004021798666292736
2020-04-30,0.0029339753258307397
2020-05-06,-0.011482856313918884
2020-05-07,-0.007113979152973541
2020-05-08,0.0029783501099329254
2020-05-11,-0.0015477977545911685
2020-05-12,-0.0009914004665970656
2020-05-13,0.0025993605046451458
2020-05-14,-0.002586072872424642
2020-05-15,-0.0043728341016280765
2020-05-18,-0.0011503390903878914
2020-05-19,-0.002110137092249482
2020-05-20,-0.009403288449734776
2020-05-21,0.002614978573239766
2020-05-22,0.010667425093320686
2020-05-25,0.021084221969656695
2020-05-26,0.00046253720708394456
2020-05-27,-0.0011657309300994664
2020-05-28,0.0009589148479804939
2020-05-29,0.004429476657102924
2020-06-01,-0.0023605496525977224
2020-06-02,0.00569326797912365
2020-06-03,-0.03918856450151434
2020-06-04,-0.0013592509806812903
2020-06-05,2.9563920670337305e-05
2020-06-08,-0.00019709945853756713
2020-06-09,0.003920827265819741
2020-06-10,0.003675455333835977
2020-06-11,0.0033981268751655915
2020-06-12,0.0013995543044350357
2020-06-15,-0.011283550494581678
2020-06-16,0.00408961028587418
2020-06-17,-0.004813107697002149
2020-06-18,0.005320596033901842
2020-06-19,-0.00197937589092816
2020-06-22,0.0004144823439946322
2020-06-23,0.0024594892351761325
2020-06-24,0.0024120274024083174
2020-06-29,-0.0028296998413170037
2020-06-30,-0.0013990207407593592
2020-07-01,-0.0006089343405407465
2020-07-02,-0.003862038387454674
2020-07-03,0.0016052508034991894
2020-07-06,-0.003908054691907491
2020-07-07,-0.0008362882548285386
2020-07-08,0.0056551722949478
2020-07-09,0.004632385742956693
2020-07-10,-0.0017033799301862853
2020-07-13,0.0053998111674172945
2020-07-14,0.008295242593183969
2020-07-15,8.178243950874747e-05
2020-07-16,0.0022250887792147744
2020-07-17,0.0017489267282946544
2020-07-20,0.010047082371431959
2020-07-21,0.00033446268954475864
2020-07-22,0.00623857267945309
2020-07-23,-0.0022520438245459055
2020-07-24,-0.00105664266467897
2020-07-27,-0.007718706930740009
2020-07-28,0.0022253234138005108
2020-07-29,0.008025786877844386
2020-07-30,0.0015396333051511597
2020-07-31,-0.0035857812794288313
2020-08-03,0.0023039768050346645
2020-08-04,0.014620502603633503
2020-08-05,-0.0031181316820921416
2020-08-06,0.007632093703642326
2020-08-07,0.0003719521704026534
2020-08-10,-0.00043911514144307547
2020-08-11,0.001145717557236381
2020-08-12,0.011209651287003112
2020-08-13,-0.001896726032208083
2020-08-14,0.008065260429550525
2020-08-17,-0.001979030609512488
2020-08-18,-0.016988929486846577
2020-08-19,0.01380059528126509
2020-08-20,-0.00897638221879768
2020-08-21,-0.012872368731388077
2020-08-24,0.0002846488320279058
2020-08-25,-0.003714841402462303
2020-08-26,-0.005247071064817641
2020-08-27,0.005300940403104134
2020-08-28,0.002878138699595027
2020-08-31,0.00654934911651443
2020-09-01,-0.01023582239737214
2020-09-02,-0.01060511155693477
2020-09-03,0.0017022312089239333
2020-09-04,0.0011585273865507132
2020-09-07,-0.0015207865836065792
2020-09-08,0.004997023171660945
2020-09-09,-0.0031737680226111066
2020-09-10,0.0014895483056551631
2020-09-11,-0.0010908922585104175
2020-09-14,0.001646275660652406
2020-09-15,0.007907001848574267
2020-09-16,0.0001593700933059272
2020-09-17,0.00388191219185748
2020-09-18,0.002017840753040028
2020-09-21,0.003434598839404058
2020-09-22,-0.0017219266212355545
2020-09-23,0.0061278390164960115
2020-09-24,-0.005217823058704625
2020-09-25,-0.0023342606841080782
2020-09-28,0.003244989227945254
2020-09-29,0.001426592294846123
2020-09-30,-0.003473674605070907
2020-10-09,0.008523809469054726
2020-10-12,0.0008652475383615875
2020-10-13,0.00015031065475660426
2020-10-14,0.0002154945479955349
2020-10-15,-0.002586998863450886
2020-10-16,-0.007233504771824057
2020-10-19,0.006572717666817397
2020-10-20,-0.0048926156023933335
2020-10-21,0.005227455365686988
2020-10-22,0.0007294688296218217
2020-10-23,0.013237625738254077
2020-10-26,-0.014059003618802923
2020-10-27,0.008090163944312913
2020-10-28,0.0012137537935196733
2020-10-29,-0.0020640320258526806
2020-10-30,0.012005163241415123
2020-11-02,-0.00693023132619926
2020-11-03,0.0076019606842419075
2020-11-04,0.003583757693121535
2020-11-05,-0.001973691181665311
2020-11-06,0.00843609992005177
2020-11-09,0.0009071096960573058
2020-11-10,-0.005938118043930609
2020-11-11,-0.0013728683950616728
2020-11-12,0.004817649598582028
2020-11-13,-0.0005893702174611431
2020-11-16,0.0023144774404557688
2020-11-17,-0.0008076110218135414
2020-11-18,-0.0016918600494777965
2020-11-19,0.004805325134926001
2020-11-20,0.0005155420392102993
2020-11-23,0.0015860657066780197
2020-11-24,-0.0059791449467881345
2020-11-25,0.014438067178443799
2020-11-26,0.007985499371466585
2020-11-27,0.0003945112518938148
2020-11-30,-0.0021179557934633657
2020-12-01,-0.0038967641169968905
2020-12-02,0.00795340166838546
2020-12-03,-0.0003628142859708735
2020-12-04,-0.0008671907460089537
2020-12-07,-0.006346766085687169
2020-12-08,0.0017102600848240119
2020-12-09,0.00022012817906685958
2020-12-10,0.012117612037342709
2020-12-11,-0.010264509918165462
2020-12-14,-0.00036266623415147044
2020-12-15,-0.014336988241365306
2020-12-16,0.002576107394878611
2020-12-17,-0.0010331465672612007
2020-12-18,0.002546439205745244
2020-12-21,-0.0034023442123068733
2020-12-22,0.01946233558983838
2020-12-23,-0.012995525462842087
2020-12-24,0.0009275390158540679
2020-12-25,-0.013002330569132376
2020-12-28,0.004287837358627687
2020-12-29,-0.008800710932111759
2020-12-30,0.0011914879343293164
2020-12-31,0.00412473879867232
2021-01-04,-0.0006848809969815341
2021-01-05,0.002911197590743356
2021-01-06,0.0003304368638346155
2021-01-07,-0.0038881928008920904
2021-01-08,-0.00036002698202917786
2021-01-11,-0.0011888096335868708
2021-01-12,0.0059957491890886006
2021-01-13,-0.001003354309123515
2021-01-14,-0.0038854111845173294
2021-01-15,2.064068212823578e-05
2021-01-18,-0.002585873959942713
2021-01-19,-0.003382508198642283
2021-01-20,-0.0033271803875785312
2021-01-21,-0.000675645678241107
2021-01-22,0.005551718784737138
2021-01-25,-0.00017368956511645036
2021-01-26,0.00022298048293241022
2021-01-27,-0.0031630927544336724
2021-01-28,-0.00180704091808387
2021-01-29,-0.004306982904232311
2021-02-01,-0.0025736470316757767
2021-02-02,-0.0017123473873393387
2021-02-03,-0.010689792522959598
2021-02-04,0.0015473206501073636
2021-02-05,0.006148246825237541
2021-02-08,-0.001282303163426186
2021-02-09,0.0007387656732716546
2021-02-10,0.005420883857553072
2021-02-18,-0.0015995624728416774
2021-02-19,0.00035833193681604806
2021-02-22,-0.0006545539417116173
2021-02-23,-0.006579605375332149
2021-02-24,0.0003738445122067613
2021-02-25,0.00044371985913808877
2021-02-26,0.0012967184832892698
2021-03-01,-0.0030407960106337653
2021-03-02,0.0069023533251900745
2021-03-03,0.006458421408197841
2021-03-04,-0.002383210255839785
2021-03-05,-0.008537458511244921
2021-03-08,-0.017475561147862098
2021-03-09,-0.0021613353591597535
2021-03-10,-0.002081387062332395
2021-03-11,-0.0032163714475015237
2021-03-12,0.003960946625430274
2021-03-15,-0.007586122530565845
2021-03-16,0.008263390525324833
2021-03-17,0.0033017399834338154
2021-03-18,0.0054447917756079225
2021-03-19,0.008543132755999255
2021-03-22,0.0046339245669586365
2021-03-23,-0.02284688333975784
2021-03-24,0.004951466597243754
2021-03-25,0.0018156353379083542
2021-03-26,0.005402504854976151
2021-03-29,-0.00397019265044537
2021-03-30,0.006418971619529208
2021-03-31,-0.002848420952830534
2021-04-01,-0.0035668943878219865
2021-04-02,0.005805854789389487
2021-04-06,0.0043601206720586295
2021-04-07,0.003043440303267903
2021-04-08,0.0021094729771981282
2021-04-09,0.0022506021372356334
2021-04-12,-0.011865406843659857
2021-04-13,-0.007284137325966771
2021-04-14,0.0007051024444586334
2021-04-15,-0.00930373983899628
2021-04-16,-0.0014671758353060405
2021-04-19,0.008685879461539134
2021-04-20,0.0030316289421172746
2021-04-21,0.006181731254902315
2021-04-22,-0.0019899107043537
2021-04-23,0.005521883768607599
2021-04-26,0.0002246081363609084
2021-04-27,0.007770956408964245
2021-04-28,0.003786569414207198
2021-04-29,-0.002131225269579621
2021-04-30,0.0022215659672768944
2021-05-06,-0.012127435043696821
2021-05-07,0.0030932176348083926
2021-05-10,0.0011508191781658926
2021-05-11,0.004154014969935489
2021-05-12,0.0015512609300741894
2021-05-13,-0.011770207100584726
2021-05-14,0.0005077935360357578
2021-05-17,-0.0017661433890397414
2021-05-18,-0.001129703493873612
2021-05-19,-0.005188490885874192
2021-05-20,0.0042848597964543714
2021-05-21,-0.002801124066605357
2021-05-24,8.121837944863157e-05
2021-05-25,-0.010894730340577204
2021-05-26,-0.004158561858045759
2021-05-27,-0.0017467164113212797
2021-05-28,-0.002539757599813825
2021-05-31,-0.0028580982179914555
2021-06-01,0.0005666257096902654
2021-06-02,0.0013462321703583391
2021-06-03,-0.00013374505405043286
2021-06-04,-0.005794428409721521
2021-06-07,-0.004648258085410869
2021-06-08,-0.006841838765274642
2021-06-09,-0.0006842553590250777
2021-06-10,-0.0010698786441907737
2021-06-11,0.0007701506416193055
2021-06-15,-0.007629791519313211
2021-06-16,-0.0016418013071530992
2021-06-17,-0.00514859690901515
2021-06-18,-0.005110567091561258
2021-06-21,-0.0029800324959765112
2021-06-22,0.0001406541972946823
2021-06-23,0.010410836042597146
2021-06-24,0.00436378616931331
2021-06-25,0.0016989609863174032
2021-06-28,-0.0027741233917028523
2021-06-29,0.005080580756175115
2021-06-30,-0.0008428709963296262
2021-07-01,0.0010263192893978576
2021-07-02,-0.0023559829650519667
2021-07-05,0.0035113759530762995
2021-07-06,0.006304655036987233
2021-07-07,-0.0020597964278510563
2021-07-08,-0.001370777321594563
2021-07-09,0.00277404347542957
2021-07-12,0.0006754874946303
2021-07-13,-0.00035962221759028485
2021-07-14,0.0026179100409572708
2021-07-15,-0.0025809695955092086
2021-07-16,0.007316548078832945
2021-07-19,0.003611346688286887
2021-07-20,-0.0007780626718642016
2021-07-21,-0.0004945203511192621
2021-07-22,-0.0057722130431515535
2021-07-23,-0.0007472527304003814
2021-07-26,-1.6557809936662115e-05
2021-07-27,0.0015518455852345744
2021-07-28,0.0003450810438829819
2021-07-29,-0.012127423101751597
2021-07-30,0.006315931121061486
2021-08-02,-0.006026401569456938
2021-08-03,-0.00463022214127501
2021-08-04,0.0003359434557357575
2021-08-05,0.002411354275445706
2021-08-06,0.0011497649719762403
2021-08-09,-0.0027738425761245386
2021-08-10,-0.006717389356470953
2021-08-11,0.005855352510307429
2021-08-12,-0.004376252891455964
2021-08-13,-0.004146415759201719
2021-08-16,-0.004806438064379279
2021-08-17,-0.003430521166824995
2021-08-18,0.00619694641581165
2021-08-19,-0.0045006910026104
2021-08-20,0.00010151817229379391
2021-08-23,0.0007276410892086448
2021-08-24,0.0031090297872802823
2021-08-25,0.01022848380043165
2021-08-26,-0.0006352440193993527
2021-08-27,0.00015986489032261794
2021-08-30,0.005734660064796719
2021-08-31,-0.0006953695458390618
2021-09-01,-0.0012064833293190125
2021-09-02,0.0004294893133920335
2021-09-03,0.005651080809454206
2021-09-06,-0.0003264567716199077
2021-09-07,0.01077720294149534
2021-09-08,0.002852426415678869
2021-09-09,0.0039538890285118755
2021-09-10,-0.00377902541529295
2021-09-13,0.0008131330040277609
2021-09-14,-0.001578716208319393
2021-09-15,0.002281385261231621
2021-09-16,0.0017235485481871672
2021-09-17,-0.0029473090097692513
2021-09-22,0.015121823779529694
2021-09-23,0.0031827896503944584
2021-09-24,0.0022645573936897314
2021-09-27,-0.007466658249576181
2021-09-28,0.003135658356500982
2021-09-29,0.0030929594683609825
2021-09-30,-0.004640012584634008
2021-10-08,0.009655919764654597
2021-10-11,-0.0033745514232999393
2021-10-12,0.0003458203823979068
2021-10-13,-0.0009003704052225206
2021-10-14,0.003749428532012578
2021-10-15,0.0004812089179685661
2021-10-18,0.0025844047515291837
2021-10-19,0.001211949438608103
2021-10-20,-0.005800134251091886
2021-10-21,-0.0007923978598458324
2021-10-22,-0.001738700222652405
2021-10-25,-0.0036045264672657914
2021-10-26,-0.003832465712010856
2021-10-27,-0.004635831653261409
2021-10-28,-0.012223167321046205
2021-10-29,0.008591302105447618
2021-11-01,-0.0016452586912726944
2021-11-02,0.0022040444901001007
2021-11-03,-0.00906410059415966
2021-11-04,0.0005517986864934856
2021-11-05,0.0026664532724716148
2021-11-08,0.007002776675731036
2021-11-09,2.8226142615547746e-05
2021-11-10,-0.0014546099465312175
2021-11-11,0.0036683778353881155
2021-11-12,-0.0022300509562599444
2021-11-15,-0.007585802579348928
2021-11-16,0.0002515759714029102
2021-11-17,0.0036965538233881996
2021-11-18,0.0038433274905849916
2021-11-19,0.00046965931085838155
2021-11-22,0.006877442002090177
2021-11-23,0.001317845005777303
2021-11-24,-0.001956332685213944
2021-11-25,0.0022601519153830187
2021-11-26,-0.0009120105514658257
2021-11-29,0.0029363995450752646
2021-11-30,-0.00478991145735086
2021-12-01,0.005602623825529391
2021-12-02,-0.004179475686080925
2021-12-03,-0.0021234121977053446
2021-12-06,-0.003894032277903186
2021-12-07,-0.00029187199796049026
2021-12-08,-0.009370470500795544
2021-12-09,0.0019638179879643038
2021-12-10,-0.0015630023319645055
2021-12-13,-0.002840123252761663
2021-12-14,0.0007588776845293462
2021-12-15,0.0019132103102488698
2021-12-16,0.001845484472593351
2021-12-17,-0.002788082317395894
2021-12-20,0.000928522319849874
2021-12-21,0.005937830447427776
2021-12-22,-0.0021311659724567635
2021-12-23,0.0013597163461618583
2021-12-24,0.0006672082291754747
2021-12-27,-0.0024392296403423844
2021-12-28,-0.0021779868640631646
2021-12-29,0.0002931899099497148
2021-12-30,-0.0005548676870470783
2021-12-31,-0.0009437176195725083
2022-01-04,0.0020197088395594717
2022-01-05,-0.0018442460367028676
2022-01-06,0.003307939604066234
2022-01-07,0.004733642712805579
2022-01-10,0.003023403366054754
2022-01-11,-0.0023982835387406083
2022-01-12,0.0016167073137068786
2022-01-13,-0.0048492357829776865
2022-01-14,-0.005095508338588005
2022-01-17,-0.002852200597234465
2022-01-18,0.005503160091093923
2022-01-19,0.0028741461473151516
2022-01-20,0.00018193793335388828
2022-01-21,0.00265077038133043
2022-01-24,0.0068033140026799365
2022-01-25,0.0025118101125527603
2022-01-26,-0.00039610608608006096
2022-01-27,0.0055210642908710365
2022-01-28,-0.005658778338964537
2022-02-07,0.0014335993545111533
2022-02-08,-0.0004551526478433932
2022-02-09,0.0018794478127790188
2022-02-10,-0.0029350849245833263
2022-02-11,-0.0004827323288670809
2022-02-14,0.0058319110955837965
2022-02-15,-0.002312881847457892
2022-02-16,0.004518761066189829
2022-02-17,0.0019428574198616397
2022-02-18,0.003957511834526421
2022-02-21,-0.0018853725899059658
2022-02-22,0.0033376577975597304
2022-02-23,0.00042571356749906096
2022-02-24,-0.00371857643214046
2022-02-25,0.009277864766072962
2022-02-28,-0.015697689867342886
2022-03-01,-0.005064604790944755
2022-03-02,0.011173435187129686
2022-03-03,-0.005006794776063316
2022-03-04,0.0001876388483132634
2022-03-07,-0.0027155775960063687
2022-03-08,-0.001701320121632142
2022-03-09,0.0026421247819555134
2022-03-10,0.007901810642790419
2022-03-11,0.008660847428402478
2022-03-14,-0.006448398842798006
2022-03-15,0.008195341369182338
2022-03-16,0.001980435221413601
2022-03-17,0.0019199494638507068
2022-03-18,-0.004932862534237828
2022-03-21,-0.0035024385792411165
2022-03-22,-0.002582894554624247
2022-03-23,-0.012608503585051995
2022-03-24,0.0014307660102362446
2022-03-25,-0.0003134239153199284
2022-03-28,0.00267098067337319
2022-03-29,0.0061125567801898
2022-03-30,-0.0009697727758760566
2022-03-31,-0.001254331722600683
2022-04-01,-0.004986204857229485
2022-04-06,0.00513032199490213
2022-04-07,0.001881210806281551
2022-04-08,-0.00034053823323144434
2022-04-11,0.0011151489323840327
2022-04-12,-0.0025110474124482684
2022-04-13,0.0014347136718516652
2022-04-14,-0.0012880984850081074
2022-04-15,-0.0004646413987491133
2022-04-18,-0.026124313752343212
2022-04-19,-0.00120800109644617
2022-04-20,-0.002989183242295589
2022-04-21,0.0021242198931927477
2022-04-22,-9.01054202789208e-05
2022-04-25,-0.005565571358011655
2022-04-26,-0.004305878495675654
2022-04-27,0.001898216043351266
2022-04-28,0.00018400719273016107
2022-04-29,-0.002323389448467883
2022-05-05,0.0016007694506183713
2022-05-06,-0.0010627262439963192
2022-05-09,-0.0077354763461610025
2022-05-10,-0.00348297152985439
2022-05-11,-0.001854644253773183
2022-05-12,0.005336049277197829
2022-05-13,-0.007697677943051838
2022-05-16,3.7955791797463504e-05
2022-05-17,0.0069085189971505095
2022-05-18,-3.571370728033611e-05
2022-05-19,-0.005903603708118396
2022-05-20,0.0031469804179517337
2022-05-23,0.0037433077251210947
2022-05-24,-0.0022703846392284443
2022-05-25,-0.0001449154822404145
2022-05-26,-0.00018444864228810197
2022-05-27,0.002274561916985311
2022-05-30,0.0016495271701444248
2022-05-31,-0.0014629884116216941
2022-06-01,0.0011204287460329417
2022-06-02,0.00548392344367517
2022-06-06,-0.010834568112832777
2022-06-07,0.0014358174576731722
2022-06-08,0.005516853133730164
2022-06-09,0.005230343388029254
2022-06-10,0.001338501415983944
2022-06-13,-0.005741565681922366
2022-06-14,-0.0010502418741884533
2022-06-15,-0.0008957328761225281
2022-06-16,-0.003866903290537278
2022-06-17,-0.00020919159782051278
2022-06-20,-0.004657975916038645
2022-06-21,0.003160009029638162
2022-06-22,-0.006184454374589614
2022-06-23,0.004727234699633423
2022-06-24,0.0015365828213562112
2022-06-27,0.0037795712173122756
2022-06-28,0.0064917007101530306
2022-06-29,-0.006636931440307801
2022-06-30,0.0012739512602956827
2022-07-01,-0.006400203657998008
2022-07-04,-0.005429405714662583
2022-07-05,0.002796622040131128
2022-07-06,-0.0012815806723092248
2022-07-07,0.001102076656671539
2022-07-08,-0.0026353072884034083
2022-07-11,-0.01141735115192418
2022-07-12,-0.0037208440446905933
2022-07-13,-0.006934572786638289
2022-07-14,0.0019310327357516277
2022-07-15,-0.007354831012885276
2022-07-18,0.0051363146949588824
2022-07-19,0.004621731690233377
2022-07-20,0.0021147592349633803
2022-07-21,-0.0019950315829079424
2022-07-22,0.0012169546248029552
2022-07-25,0.007559212744388631
2022-07-26,-0.002602397954589595
2022-07-27,0.00538529440556804
2022-07-28,0.003683117454155435
2022-07-29,0.002490696946645566
2022-08-01,0.004729608410079211
2022-08-02,0.0003900626533530538
2022-08-03,0.0007856696437450221
2022-08-04,-0.00736256331563049
2022-08-05,-0.00527162947762415
2022-08-08,0.007166711159353333
2022-08-09,0.002202350832361307
2022-08-10,-0.004045235395464237
2022-08-11,-0.0031499654412730574
2022-08-12,0.004940704553017544
2022-08-15,-0.0006652756185781916
2022-08-16,-0.0010770000277255283
2022-08-17,0.0022364210397854602
2022-08-18,-0.01220499584606737
2022-08-19,-0.002083043384598763
2022-08-22,0.0009180227285760375
2022-08-23,0.0036431570910433145
2022-08-24,0.002530033851224513
2022-08-25,-0.00017694803109608324
2022-08-26,0.003594692383742196
2022-08-29,-0.0032957912361979923
2022-08-30,-0.013770102408695346
2022-08-31,0.000463962994273382
2022-09-01,0.004422945543818552
2022-09-02,-0.008950086311984098
2022-09-05,-0.005522392115750745
2022-09-06,0.003960723769487593
2022-09-07,-0.0023897455256430885
2022-09-08,0.0005042406411932283
2022-09-09,-0.004045747736464082
2022-09-13,0.001158293348204159
2022-09-14,-0.0006877154007767015
2022-09-15,-0.0008163163129973265
2022-09-16,-0.00012363696189386967
2022-09-19,-0.0017296095764842536
2022-09-20,0.0008626525522313953
2022-09-21,0.00011048367106038758
2022-09-22,0.0034406061487657702
2022-09-23,-0.0031417266307275362
2022-09-26,0.006263111840525361
2022-09-27,-0.0008575703152140842
2022-09-28,0.004923757876078749
2022-09-29,-0.000570996305068983
2022-09-30,0.0014285860358940043
2022-10-10,0.0065112914538301234
2022-10-11,-0.000330554711780721
2022-10-12,-6.427254904046108e-05
2022-10-13,0.007301857885123483
2022-10-14,0.002750654792013131
2022-10-17,0.0022738489481191108
2022-10-18,-0.006530262929237889
2022-10-19,-0.002431897026968408
2022-10-20,0.0019847331552653082
2022-10-21,0.0029903989828584075
2022-10-24,-0.010598441816625172
2022-10-25,-0.0010321199609456743
2022-10-26,0.004105944154629706
2022-10-27,0.0010630915682354972
2022-10-28,-0.008360614189940099
2022-10-31,-0.0032379558404881407
2022-11-01,0.00660652381902525
2022-11-02,0.0022349336413819447
2022-11-03,-0.0042188157962585555
2022-11-04,-0.0012559839524253862
2022-11-07,0.0013376997612015026
2022-11-08,0.0018911416598634467
2022-11-09,0.0015037051866005646
2022-11-10,0.0035648703233752783
2022-11-11,-0.0019084391065075045
2022-11-14,0.0003143077840306888
2022-11-15,-0.009407300379298659
2022-11-16,0.0014321821306918369
2022-11-17,0.0027867533814002307
2022-11-18,0.001544239057684234
2022-11-21,0.0006896001777438993
2022-11-22,-0.003591648466207254
2022-11-23,-0.0030768767186487396
2022-11-24,3.171505521964784e-05
2022-11-25,0.002039207685901628
2022-11-28,-0.0046829366842333605
2022-11-29,-0.0007724871814159908
2022-11-30,-0.005262567950663943
2022-12-01,0.0018513489309055636
2022-12-02,0.0032737648065552026
2022-12-05,-0.006481129763141156
2022-12-06,0.0016571150876775363
2022-12-07,-0.0005638427862434147
2022-12-08,-0.0014960880750254386
2022-12-09,0.004917347176575183
2022-12-12,-0.0070741774877321984
2022-12-13,-0.0011503267335594225
2022-12-14,0.002012236832767137
2022-12-15,-0.003748018975626012
2022-12-16,-0.013088754598026438
2022-12-19,0.001303514580619503
2022-12-20,-0.003530770787984862
2022-12-21,0.00893025484022631
2022-12-22,0.0017394877614037253
2022-12-23,0.0004594556698440195
2022-12-26,0.0037915039016066486
2022-12-27,-0.0007341833438000363
2022-12-28,-0.0014209979937709499
2022-12-29,0.0020711770233649064
2022-12-30,0.0025170861297107764
2023-01-03,-0.003234520001056155
2023-01-04,-0.0003717588191667891
2023-01-05,0.0025704868697350287
2023-01-06,-0.0013305159934799433
2023-01-09,-0.0011761004255915375
2023-01-10,0.0004861617218117499
2023-01-11,-0.0072311112590545575
2023-01-12,0.0038348997062772703
2023-01-13,-0.005799984781838467
2023-01-16,0.0005150237863714041
2023-01-17,-0.004516988053635249
2023-01-18,-0.0031727741303443384
2023-01-19,0.0018646247177981107
2023-01-20,-0.0009970223898028928
2023-01-30,-0.001151139154939541
2023-01-31,-0.00026041195193254917
2023-02-01,-0.005478410086663747
2023-02-02,-0.0018419337509408495
2023-02-03,-0.002100034753342473
2023-02-06,0.008345701619464128
2023-02-07,-0.0058364873252744216
2023-02-08,-0.0022869204898495776
2023-02-09,0.00307807828027033
2023-02-10,-0.006152150676319807
2023-02-13,-0.009725993277171167
2023-02-14,-0.004483141081927181
2023-02-15,-0.0027731274267413825
2023-02-16,-0.005689158124215974
2023-02-17,0.009561775606214979
2023-02-20,0.00027929103063099403
2023-02-21,0.004536774615918764
2023-02-22,0.004192189999621793
2023-02-23,0.0021019558973961634
2023-02-24,-0.0019702343904961506
2023-02-27,0.004846692706657397
2023-02-28,-0.0025164509520302276
2023-03-01,-0.004766577081753961
2023-03-02,0.000866870210937736
2023-03-03,-0.0022442173115390616
2023-03-06,0.0032435958427544393
2023-03-07,-0.007799142816606831
2023-03-08,-0.004398115230395506
2023-03-09,0.006223081100929394
2023-03-10,-0.004684441075542499
2023-03-13,0.0019081040848488034
2023-03-14,-0.0014998200167820304
2023-03-15,0.002288179471592668
2023-03-16,-0.0012480271548080293
2023-03-17,0.004103326474814517
2023-03-20,-0.0014308921890237674
2023-03-21,-0.004626329859288386
2023-03-22,-0.003380341451496607
2023-03-23,-0.0038810929923688096
2023-03-24,-0.013947234986137438
2023-03-27,0.008617344964656774
2023-03-28,-0.0025373605490447426
2023-03-29,0.0020374065471839855
2023-03-30,4.1435650807994544e-05
2023-03-31,-0.0010090115890054516
2023-04-03,-0.0024939288466910795
2023-04-04,-0.011939125113534793
2023-04-06,-0.01035250049026556
2023-04-07,-0.003680558984425186
2023-04-10,-0.001162259081866838
2023-04-11,0.000362620880157266
2023-04-12,-0.0013206154347778594
2023-04-13,-0.011826030753351112
2023-04-14,0.000439691437965884
2023-04-17,-0.009111348746323947
2023-04-18,0.007203975879725872
2023-04-19,-0.0011973973875080346
2023-04-20,-0.00659873211055241
2023-04-21,-0.0047504510611227286
2023-04-24,-0.011384984898679704
2023-04-25,-0.0017964590893863096
2023-04-26,-0.0018669981416056783
2023-04-27,0.011055435135748628
2023-04-28,-0.00642823664326903
2023-05-04,-0.01611471519623079
2023-05-05,-0.005112950840583195
2023-05-08,0.004381387922875902
2023-05-09,-0.001626146127480111
2023-05-10,-0.009137066221329385
2023-05-11,-0.004506937256783718
2023-05-12,-0.0021381813531269472
2023-05-15,0.00035682868403944944
2023-05-16,0.002122800885060583
2023-05-17,0.0008066983626681391
2023-05-18,-0.00226854914195734
2023-05-19,-0.005588703920103437
2023-05-22,-0.008418298545366467
2023-05-23,-0.005890870119805742
2023-05-24,-0.002868841767084642
2023-05-25,-0.010195331368346317
2023-05-26,0.0006058160593139516
2023-05-29,0.011686097051780892
2023-05-30,-0.0016858453491852316
2023-05-31,-0.005805662229102168
2023-06-01,-0.001126996246202397
2023-06-02,0.000332988996912205
2023-06-05,0.003482753105597235
2023-06-06,-0.008070277707842277
2023-06-07,0.004110118043558264
2023-06-08,0.000559696925971381
2023-06-09,0.0018772878483594856
2023-06-12,-0.002301291159086606
2023-06-13,-0.0008239663450134089
2023-06-14,-0.0075913244605991135
2023-06-15,-0.0011584418053048444
2023-06-16,0.004735639367070986
2023-06-19,-0.0008974546196616013
2023-06-20,0.002549538798336798
2023-06-21,0.0003791650651004139
2023-06-26,0.012642467156997343
2023-06-27,-0.00613470154636902
2023-06-28,-0.004708832714102415
2023-06-29,0.005512078554026938
2023-06-30,-0.002217573597009822
2023-07-03,-0.008480813840886468
2023-07-04,0.0061843988916364025
2023-07-05,-0.0016544769841343185
2023-07-06,-0.0009522043522014623
2023-07-07,0.0013318798133369568
2023-07-10,0.008181338034522947
2023-07-11,0.007150528591538671
2023-07-12,0.006934581827114399
2023-07-13,0.0017167154524761388
2023-07-14,0.0024481069739204424
2023-07-17,-0.007524621798021294
2023-07-18,0.004161440163376193
2023-07-19,0.004353802438023599
2023-07-20,0.004938229759171458
2023-07-21,-0.00014249839597648296
2023-07-24,-0.0063904984755227415
2023-07-25,0.0020442130864708006
2023-07-26,0.01017353078714913
2023-07-27,0.0005392804642991863
2023-07-28,0.003163720499856224
2023-07-31,-0.011431157670636388
2023-08-01,0.003437690780092584
2023-08-02,-0.0021971288840447697
2023-08-03,-0.01110379726839045
2023-08-04,-0.008934486320348607
2023-08-07,-0.023536903832760584
2023-08-08,-0.005560625585665214
2023-08-09,0.003640465563984088
2023-08-10,-0.0016720395610138113
2023-08-11,-0.00023499036231296356
2023-08-14,-0.0028605756617491084
2023-08-15,-0.004664883708893287
2023-08-16,0.003207278573865505
2023-08-17,0.00776050449772529
2023-08-18,0.005222963656461115
2023-08-21,-0.0011731757348073242
2023-08-22,0.0015184328987216719
2023-08-23,0.007214090426896431
2023-08-24,-0.007716251960653606
2023-08-25,0.0032308709549120386
2023-08-28,0.0009522695873060479
2023-08-29,-0.0045692115751326855
2023-08-30,0.0008980210023010206
2023-08-31,-0.001789857505573746
2023-09-01,-0.018426415585955445
2023-09-04,-0.007551504961601558
2023-09-05,-0.01616149124507333
2023-09-06,0.012296979361408307
2023-09-07,0.003059066437090435
2023-09-08,0.005981284602354496
2023-09-11,-0.00428665890841213
2023-09-12,-0.004440511614597694
2023-09-13,0.002888851866834144
2023-09-14,-0.0007120481417705007
2023-09-15,-0.0032050719444252883
2023-09-18,-7.096294960414894e-05
2023-09-19,-0.003675331245797175
2023-09-20,-0.0027687114032540084
2023-09-21,0.0031201010841813643
2023-09-22,-0.0016410383044294346
2023-09-25,0.006862633603287549
2023-09-26,0.00908731160906475
2023-09-27,0.006573185854633808
2023-09-28,0.005092612368957502
2023-10-09,-0.011152937410787572
2023-10-10,0.0018962053803125317
2023-10-11,-0.009403346676820877
2023-10-12,-0.01170649188803473
2023-10-13,-0.00020691433272145905
2023-10-16,0.004646873583858909
2023-10-17,0.007421055592937677
2023-10-18,-0.0007033654838131364
2023-10-19,-0.006390091229512044
2023-10-20,0.012964278931260224
2023-10-23,-0.004622273910217107
2023-10-24,-0.008054379896436963
2023-10-25,0.004812763996764723
2023-10-26,-0.004231081497038478
2023-10-27,-0.00041953367489996223
2023-10-30,-0.003975246457073956
2023-10-31,-0.0012005347809836558
2023-11-01,-0.0002793671862889877
2023-11-02,-0.0029495797662374285
2023-11-03,0.0013464449886429882
2023-11-06,0.005459604837030723
2023-11-07,0.0046632993700605335
2023-11-08,0.007040142281442038
2023-11-09,0.002084217045153783
2023-11-10,0.004567439974440855
2023-11-13,-0.002709388665006815
2023-11-14,-0.007630172133113987
2023-11-15,-0.0014349066715243807
2023-11-16,-0.00300834618610783
2023-11-17,-0.0014968599615578066
2023-11-20,0.00165496863505744
2023-11-21,0.00022698078138817064
2023-11-22,0.0060754731388600125
2023-11-23,0.005404810818646657
2023-11-24,-0.001886155872173695
2023-11-27,-0.004465669833913016
2023-11-28,0.0019263232059879023
2023-11-29,0.0007789298428349301
2023-11-30,-0.003239906012826895
2023-12-01,-0.0052645120102727695
2023-12-04,-0.006865860267392689
2023-12-05,-0.0019648705775997003
2023-12-06,-0.005342700085516515
2023-12-07,0.006234498070178291
2023-12-08,0.0039460845114249014
2023-12-11,-0.007509510007254435
2023-12-12,0.004899347584620692
2023-12-13,0.0024381703192633856
2023-12-14,-0.008960951214330909
2023-12-15,-0.003000930687485828
2023-12-18,-0.013051916455760449
2023-12-19,-0.01640625956867863
2023-12-20,0.0026599781250077614
2023-12-21,-0.006912045415900651
2023-12-22,-0.004572616258519521
2023-12-25,-0.001371791186800437
2023-12-26,-0.0033616362711613042
2023-12-27,-0.0053526668512996626
2023-12-28,-0.0018280561099176863
2023-12-29,-0.0061881712461334185
2024-01-02,-0.005237585304069162
2024-01-03,-0.006741391426044076
2024-01-04,-0.005985256474303345
2024-01-05,0.0038371838250777683
2024-01-08,-0.0028716491350114087
2024-01-09,0.01798351940346593
2024-01-10,0.0024173551557920355
2024-01-11,-0.0002988120924757987
2024-01-12,-0.012482271907846326
2024-01-15,-0.000844836252117262
2024-01-16,0.003542364685609707
2024-01-17,-0.0008446505813819044
2024-01-18,-0.006276870796489285
2024-01-19,0.0015917086893588298
2024-01-22,-0.006163169481062411
2024-01-23,0.0038191756371251293
2024-01-24,0.0033379656843451925
2024-01-25,-0.003543578873558834
2024-01-26,-0.00598427400303315
2024-01-29,0.0022548540844719326
2024-01-30,-0.004220100657847462
2024-01-31,0.0017590666650350844
2024-02-01,-0.0006623295630940301
2024-02-02,0.002822086750176766
2024-02-05,0.0031583472041253977
2024-02-06,0.0032899633665689756
2024-02-07,0.0025688917723378276
2024-02-08,-0.002924659227725353
2024-02-19,0.003215483438409304
2024-02-20,-0.002938224275705578
2024-02-21,0.0034366179652456363
2024-02-22,-0.011504946036018253
2024-02-23,0.0003125995577104823
2024-02-26,-0.0002669479950484792
2024-02-27,-0.0016525090730326324
2024-02-28,-0.0005949262506927857
2024-02-29,-0.009935964995189126
2024-03-01,-0.00159749446896246
2024-03-04,-0.001237383416877952
2024-03-05,0.003032088106288083
2024-03-06,-0.00706132169031603
2024-03-07,0.0060594361019690015
2024-03-08,-0.0014247922264153013
2024-03-11,-0.004608239883079596
2024-03-12,-0.007002926060605763
2024-03-13,-0.003660527876494583
2024-03-14,-0.0038504145767150003
2024-03-15,0.0027981316152635074
2024-03-18,-0.008743008546304396
2024-03-19,0.00022608666167892984
2024-03-20,0.006503590049714182
2024-03-21,-0.0007267098207523369
2024-03-22,0.000543623347776336
2024-03-25,0.014433501990927602
2024-03-26,-0.004004979385418191
2024-03-27,-0.004082249978868993
2024-03-28,-0.0009817335312356328
2024-03-29,0.004832319356397008
2024-04-01,-0.004054532570493321
2024-04-02,0.007733719251197852
2024-04-03,-0.014928726931731945
2024-04-08,0.001649223642787562
2024-04-09,0.004559667819823629
2024-04-10,-0.01616580001702243
2024-04-11,0.00619308318484314
2024-04-12,-0.002414787964376175
2024-04-15,-0.0067607889920149634
2024-04-16,-0.001782792947970323
2024-04-17,-0.0013878236110989183
2024-04-18,0.004088952106356242
2024-04-19,-0.0021685477135917498
2024-04-22,-0.0007236375911926258
2024-04-23,0.002184220338992113
2024-04-24,-0.0035726372555160433
2024-04-25,0.001941229336393879
2024-04-26,-0.006835361659261984
2024-04-29,-0.0005020578027856966
2024-04-30,-0.002054763294741143
2024-05-06,-0.011627800600912784
2024-05-07,0.0013823906256322945
2024-05-08,0.006480448487160139
2024-05-09,-0.0022556225971950873
2024-05-10,-0.002033580839932802
2024-05-13,0.0013906190833169985
2024-05-14,0.0013097655578955462
2024-05-15,-0.0007358599635455329
2024-05-16,-0.0033343405676842935
2024-05-17,-0.0045885493129396455
2024-05-20,0.0005988358169549616
2024-05-21,0.00812377525401185
2024-05-22,-0.004809424073615277
2024-05-23,0.004257632781740649
2024-05-24,-0.003569007780382773
2024-05-27,0.0008979739443975657
2024-05-28,0.00502871602041027
2024-05-29,0.006181008723805424
2024-05-30,-0.004428898669043816
2024-05-31,-0.0006247692383938713
2024-06-03,-0.004824134971520369
2024-06-04,-0.000379223105003508
2024-06-05,-0.0054542222270898
2024-06-06,0.0011043888393488946
2024-06-07,-0.0018773264125210673
2024-06-11,0.005696630576364857
2024-06-12,-0.002559679296419341
2024-06-13,0.003021376405022843
2024-06-14,-0.006298652005822255
2024-06-17,-0.0059686426559724046
2024-06-18,0.0010929304930853891
2024-06-19,0.0037263097403004587
2024-06-20,0.005096270083296568
2024-06-21,0.0005468561774772437
2024-06-24,0.0026999478993346006
2024-06-25,0.0061474904545563225
2024-06-26,-0.004646805948552624
2024-06-27,-0.004243483621275586
2024-06-28,0.011073561288342757
2024-07-01,0.0013084515847319041
2024-07-02,-0.0011758910314649865
2024-07-03,0.0020476370937757282
2024-07-04,-0.001584227726896486
2024-07-05,0.0027958019367536734
2024-07-08,0.005198094338122422
2024-07-09,-0.0012393554052661472
2024-07-10,0.0011539849260751335
2024-07-11,0.0017732178728081022
2024-07-12,0.0001822459641224963
2024-07-15,-0.006241540404897787
2024-07-16,-0.0016133115722374073
2024-07-17,-0.0025077481615313015
2024-07-18,-0.00010314352492821091
2024-07-19,-0.003539024801583991
2024-07-22,0.003978747448919108
2024-07-23,0.002506125550051802
2024-07-24,-0.0015743086867122753
2024-07-25,0.0036587074083813723
2024-07-26,-0.0005695405481795492
2024-07-29,-0.003927260360471006
2024-07-30,0.004633401855265295
2024-07-31,0.0024252095290421766
2024-08-01,-0.006327135109892785
2024-08-02,-0.005931170219173799
2024-08-05,-0.0006075276136516271
2024-08-06,0.001353044968513845
2024-08-07,-0.003531548406136435
2024-08-08,2.7129747695655692e-05
2024-08-09,0.005124998648941669
2024-08-12,-0.001513574103072588
2024-08-13,-0.0058663401048759225
2024-08-14,-0.00040183242165420957
2024-08-15,0.001458327909381071
2024-08-16,-0.005690080938189212
2024-08-19,0.006174115488959462
2024-08-20,0.0008180616173356101
2024-08-21,-0.006546579428210158
2024-08-22,-0.004261569940057568
2024-08-23,0.00011316076902927923
2024-08-26,-0.003133244716582948
2024-08-27,-0.002775987259441232
2024-08-28,0.0004375504192510439
2024-08-29,-0.0013940001103589766
2024-08-30,0.004016877730441499
2024-09-02,0.00187875361629316
2024-09-03,0.009934964139613875
2024-09-04,-0.002106384432763984
2024-09-05,-0.0012770340479542328
2024-09-06,0.0043182331116882015
2024-09-09,0.002696357269620567
2024-09-10,-0.00900941500665766
2024-09-11,0.01883877779002232
2024-09-12,0.002196911868212842
2024-09-13,-0.007171720557150065
2024-09-18,-5.882151368866379e-05
2024-09-19,0.0021509845158322874
2024-09-20,-0.0034541607966878337
2024-09-23,0.006324216475890299
2024-09-24,-0.0029224355036379032
2024-09-25,-0.016664797952640125
2024-09-26,0.0008758854709404115
2024-09-27,0.0023628467585675756
2024-09-30,-0.010272819977528207
2024-10-08,0.02507753274586838
2024-10-09,-0.00918636816150085
2024-10-10,0.000565831627227174
2024-10-11,0.0009764902441453178
2024-10-14,-0.00664552706777586
2024-10-15,0.0012763640135328538
2024-10-16,-0.0037697493703987652
2024-10-17,-0.0017351023938582144
2024-10-18,0.007067155028440226
2024-10-21,-0.005816877744860359
2024-10-22,0.002538778010823041
2024-10-23,0.0036076543488782757
2024-10-24,0.0007734039512851296
2024-10-25,0.0008397870527681565
2024-10-28,-0.0014534023574039082
2024-10-29,0.0014785573733946398
2024-10-30,0.006800476933508077
2024-10-31,0.002112493056903654
2024-11-01,-0.0034040607884817465
2024-11-04,-0.002409732135744506
2024-11-05,-0.0046548983792056384
2024-11-06,0.0018464942410643189
2024-11-07,-0.00025026101554926483
2024-11-08,0.0010565789593210075
2024-11-11,0.0010706176452378252
2024-11-12,0.0021388036420536332
2024-11-13,0.008513295763652997
2024-11-14,-0.009302790026424555
2024-11-15,0.006870413275040763
2024-11-18,0.0010518267695965424
2024-11-19,-0.004823479860358766
2024-11-20,0.007907651929902615
2024-11-21,0.003762301127298325
2024-11-22,-0.0008158072504569822
2024-11-25,-0.0020120433788553818
2024-11-26,-0.0008496631659535832
2024-11-27,-0.00010300221831148818
2024-11-28,-0.0007923795883470518
2024-11-29,-0.0011727357669293866
2024-12-02,0.0029937899001187735
2024-12-03,0.0002949547392997328
2024-12-04,0.003183748560871777
2024-12-05,0.002280693167827572
2024-12-06,-0.0008631992310190381
2024-12-09,0.0003501355624290023
2024-12-10,-0.012162362068002435
2024-12-11,-0.0007581871030423724
2024-12-12,-0.00462229206742994
2024-12-13,-0.000818317304858495
2024-12-16,0.0010742171022397134
2024-12-17,-0.0019829348715562117
2024-12-18,0.0036225535301365004
2024-12-19,0.004640600938588522
2024-12-20,0.0036534087396790735
2024-12-23,-0.0027768058319232484
2024-12-24,0.003149303761466654
2024-12-25,-0.007356759329419608
2024-12-26,0.0013725518695233841
2024-12-27,0.0038532687337518847
2024-12-30,-0.004624892091505455
2024-12-31,-0.0019695225221561374
2025-01-02,-0.002298282037190273
2025-01-03,-0.0011880248545169197
2025-01-06,-0.009315105745818023
2025-01-07,-0.009866817024907826
2025-01-08,0.002608608788211036
2025-01-09,0.001047228112814996
2025-01-10,-0.004215947035952133
2025-01-13,-0.007536840829439347
2025-01-14,-0.0017591665406892667
2025-01-15,-0.008825970351067742
2025-01-16,-0.006539197160149303
2025-01-17,-0.0054019907477164085
2025-01-20,0.004538313343149061
2025-01-21,0.004303694341405777
2025-01-22,-0.0006211261321173536
2025-01-23,-0.004937424040466912
2025-01-24,-0.003703267043069599
2025-01-27,-0.006239844904312896
2025-02-05,0.009606440583785555
2025-02-06,-0.006689134946340055
2025-02-07,0.0036635290066702937
2025-02-10,0.0060982254617022655
2025-02-11,0.00042502684831396856
2025-02-12,0.002241305173422638
2025-02-13,6.437971323845423e-05
2025-02-14,-0.001412955508036203
2025-02-17,-0.002910903101205163
2025-02-18,1.1839476316715162e-05
2025-02-19,0.004506971732504765
2025-02-20,0.000560894728987795
2025-02-21,0.0019633427640688155
2025-02-24,1.065146130978245e-05
2025-02-25,0.000606216564644845
2025-02-26,-0.0005883998017654436
2025-02-27,-0.0005079808314803482
2025-02-28,0.0007400638027863877
2025-03-03,-0.004893896310828539
2025-03-04,0.0029351702532619804
2025-03-05,-0.005163294204358161
2025-03-06,-0.006002858764441274
2025-03-07,0.002361370967336732
2025-03-10,0.0042204357685856
2025-03-11,0.0012358370678031449
2025-03-12,0.0003825277156777302
2025-03-13,0.0014319412084173163
2025-03-14,0.0056939747117205775
2025-03-17,-0.001295650911866493
2025-03-18,0.006086134740195017
2025-03-19,0.0021301105361598554
2025-03-20,0.001965244670331219
2025-03-21,-0.0037554805825269198
2025-03-24,-0.005206392596708128
2025-03-25,-0.0028576179808319354
2025-03-26,-0.00394534177738596
2025-03-27,0.0028910635378601077
2025-03-28,-0.00714235439148317
2025-03-31,-0.0028059850218499524
2025-04-01,-0.0022964234264903857
2025-04-02,-0.0010046063613993548
2025-04-03,-0.000617011396693332
2025-04-07,-0.010896797698398481
2025-04-08,0.008328812449581878
2025-04-09,-0.006944275833946576
2025-04-10,0.004877430843075908
2025-04-11,0.00542243414401888
2025-04-14,-0.0032943850203850725
2025-04-15,-0.021319839172794054
2025-04-16,-0.0032330925585651715
2025-04-17,0.0016308152978586287
2025-04-18,-4.977379818351009e-06
2025-04-21,-0.0045632660289915295
2025-04-22,0.00639868860933163
2025-04-23,0.00105643080644648
2025-04-24,-0.003005129365461289
2025-04-25,-0.00643849575486956
2025-04-28,-0.0002938232832432416
2025-04-29,0.0037771699309654275
2025-04-30,-0.003963608452268827
2025-05-06,-0.015688209566728884
2025-05-07,-0.00341114020388768
2025-05-08,0.007148394407095381
2025-05-09,0.005638563519368639
2025-05-12,-0.008261297515058944
2025-05-13,0.004354272539281723
2025-05-14,-0.0032702797348594733
2025-05-15,-0.0037661269699019962
2025-05-16,-0.006404836961896886
2025-05-19,0.0006140423947865394
2025-05-20,0.001465430960743667
2025-05-21,0.0014334495677451019
2025-05-22,-0.00560186927781066
2025-05-23,3.631179666780903e-05
2025-05-26,-0.0005493840744513838
2025-05-27,0.0008642173606880884
2025-05-28,-0.000905494908290581
2025-05-29,-0.005065460291225867
2025-05-30,-0.006661978585191023
2025-06-03,0.0008722299833279486
2025-06-04,0.0038851166592267614
2025-06-05,-0.0003943337472367478
2025-06-06,-0.0035833620648056193
2025-06-09,-0.0010769869426316932
2025-06-10,0.020297882755931272
2025-06-11,0.006015576482456531
2025-06-12,0.00041204136428958475
2025-06-13,0.0024153890793456464
2025-06-16,0.0040925420392591465
2025-06-17,0.0005224313584715561
2025-06-18,0.0009015611108700592
2025-06-19,-0.005703012592482072
2025-06-20,-0.0013839924731863839
2025-06-23,-0.003129411836498621
2025-06-24,0.0021016982894468354
2025-06-25,-0.005240157689410801
2025-06-26,0.006372691978882986
2025-06-27,0.0054936501346086125
2025-06-30,-0.008054701891476612
2025-07-01,-0.00045315653366571765
2025-07-02,0.008677542447964886
2025-07-03,-0.0028714376166217984
2025-07-04,0.00014559798264558472
2025-07-07,-0.004689235325212532
2025-07-08,0.005093738468671372
2025-07-09,0.0024062254893887974
2025-07-10,-0.0001834938183688726
2025-07-11,-0.006641564757177901
2025-07-14,-0.01174709195368216
2025-07-15,0.0022272269847965678
2025-07-16,0.0015537317222954644
2025-07-17,-0.00149556907242164
2025-07-18,-0.004077285651186779
2025-07-21,-0.0016107079095994674
2025-07-22,0.0010882099028225256
2025-07-23,-0.011635177962315753
2025-07-24,0.0032019341992505497
2025-07-25,-0.00449208180891367
2025-07-28,0.006214285445467204
2025-07-29,0.008643770854449603
2025-07-30,-0.008214786867788695
2025-07-31,-0.0018592859818248987
2025-08-01,-0.006290181719285753
2025-08-04,-0.00038619926456496764
2025-08-05,-0.005261362934618558
2025-08-06,-0.001881703773345353
2025-08-07,-0.0021923070678235316
2025-08-08,-0.0030197342657773975
2025-08-11,-0.004083199380769929
2025-08-12,0.0015634726456434
2025-08-13,0.005656322580307839
2025-08-14,-0.004582035032928794
2025-08-15,-0.0002594156762713186
2025-08-18,-0.0005678742190725686
2025-08-19,-0.007416731655611504
2025-08-20,-0.004904818024461492
2025-08-21,-0.0032517139497773187
2025-08-22,-0.002834156956929671
2025-08-25,0.005760537656007852
2025-08-26,5.8244509859165026e-05
2025-08-27,0.0009737303541260812
2025-08-28,0.0034271482972426924
2025-08-29,0.002515374574624183
2025-09-01,0.0009228975398080463
2025-09-02,0.004626778511218208
2025-09-03,-0.006556599875126565
2025-09-04,0.0014484426966863283
2025-09-05,0.0008544913967738869
2025-09-08,-0.001637871208053988
2025-09-09,-0.00717572645856337
2025-09-10,0.002577403103626233
2025-09-11,-0.0013327952188921968
2025-09-12,-0.0015736499532318822
2025-09-15,-0.000634585971829828
2025-09-16,-0.0034572149193519116
2025-09-17,-0.001625183194324516
2025-09-18,0.0028818867719833533
2025-09-19,-0.005205304525168946
2025-09-22,-0.0030636092169147085
2025-09-23,0.00023701072873900724
2025-09-24,0.009839218510394309
2025-09-25,0.0036250869677579255
2025-09-26,-0.0006375179081455505
2025-09-29,0.007907777614956006
2025-09-30,-0.01630329615953304
2025-10-09,0.013045448730808025
2025-10-10,0.003978160387310744
2025-10-13,-0.0037744351246075465
2025-10-14,-0.006586075913441312
2025-10-15,-0.01196631442118939
2025-10-16,0.0021663546401492614
2025-10-17,0.002980741179133412
2025-10-20,-0.0048406755705448935
2025-10-21,-0.003974664043241773
2025-10-22,-0.0035790385173580185
2025-10-23,-0.000748298207454893
2025-10-24,0.0014729366137537407
2025-10-27,0.003660195504091453
2025-10-28,0.002659527455012081
2025-10-29,-0.004658887833044669
2025-10-30,0.006864369884694201
2025-10-31,-0.0013850413517092397
2025-11-03,-0.0018687956171035244
2025-11-04,0.007336945447253784
2025-11-05,-0.0018659521211826036
2025-11-06,0.002060761903228305
2025-11-07,-0.0013500926258534311
2025-11-10,-0.0023727094296588057
2025-11-11,0.003294128788236807
2025-11-12,0.007170232934135175
2025-11-13,-0.0006282742961229522
2025-11-14,-0.001920845387061673
2025-11-17,0.00247373970159781
2025-11-18,0.002929988664218978
2025-11-19,-0.0007432444424167536
2025-11-20,0.0005732160508478015
2025-11-21,0.0011742441256295162
2025-11-24,-0.0023782883438789666
2025-11-25,-0.0001114476915948765
2025-11-26,-0.0003908803817850952
2025-11-27,-0.001369134772580675
2025-11-28,0.005519419793057982
2025-12-01,0.00551844090398981
2025-12-02,-0.004602070409076589
2025-12-03,-0.0004987494026016388
2025-12-04,0.0031769820113083636
2025-12-05,-0.001048308680144061
2025-12-08,0.0013681015844709218
2025-12-09,0.0003482097679205897
2025-12-10,-0.0026564016674863185
2025-12-11,0.007640337153208218
2025-12-12,3.5162443867564055e-05
2025-12-15,-0.007174494802676382
2025-12-16,0.003355391302256968
2025-12-17,-0.0070249787853238245
2025-12-18,-0.005631457504004432
2025-12-19,-0.00020137453501164245
2025-12-22,-0.007021146263659747
2025-12-23,0.005526617267573324
2025-12-24,-0.004306586763866645
2025-12-25,0.0019137625437971552
2025-12-26,0.006224294011627601
2025-12-29,0.004394999432016952
2025-12-30,-0.0012610810239062824
2025-12-31,0.00044472776609657833
2026-01-05,0.019089763531907555
2026-01-06,0.0015584233655788018
2026-01-07,-0.004385541167828828
2026-01-08,2.6657888537880235e-05
2026-01-09,-0.0037902448648269955
2026-01-12,0.0011994433183268234
2026-01-13,0.007850900625363708
2026-01-14,-0.004122068204682508
2026-01-15,-0.003488262827576315
2026-01-16,0.005606954033986108
2026-01-19,-0.0059967396020814715
2026-01-20,0.007399420785291291
2026-01-21,-0.0036251260856257164
2026-01-22,0.004029788568332823
2026-01-23,-0.003124606439575006
2026-01-26,0.0062278901490387
2026-01-27,0.00010327950177020867
2026-01-28,-0.001774662431956282
2026-01-29,-4.994130429561167e-05
2026-01-30,-0.011338703430818914
2026-02-02,-0.006715272294480476
2026-02-03,-0.0012141258223680685
2026-02-04,0.001266518013949235
2026-02-05,-0.0043905457908906455
2026-02-06,0.0028293949796194032
2026-02-09,0.0036450109888019264
2026-02-10,-0.00609881046386507
2026-02-11,0.0037779049742728333
2026-02-12,0.003796112743487065
2026-02-13,0.0031751725418073455
2026-02-24,-0.0099250922697748
2026-02-25,-0.0023396636994809233
2026-02-26,0.006847382944063232
2026-02-27,-0.003468289133334398
2026-03-02,0.0024624148085843514
2026-03-03,-0.0032398683885157074
2026-03-04,-0.014955972724625555
2026-03-05,0.011907963189837275
2026-03-06,-0.017378444268001492
2026-03-09,-0.021036370380266713
2026-03-10,-0.005974795552548114
2026-03-11,0.02275184525968621
2026-03-12,-0.02148538181848009
2026-03-13,-0.015116625319840187
2026-03-16,-0.004762095572873165
2026-03-17,0.011839891963352233
2026-03-18,-0.007775849138440666
2026-03-19,-0.0004401691358856888
2026-03-20,-0.0011474495374554313
2026-03-23,-0.0012537463375945912
2026-03-24,0.008403894343770132
2026-03-25,0.0037405057031446027
2026-03-26,0.006011882487502484
2026-03-27,0.004825229215582996
2026-03-30,-0.006154303093405811
2026-03-31,-0.002311607157289942
2026-04-01,0.0061234318643395656
2026-04-02,-0.0017332977847168592
2026-04-03,0.0007488714534772834
2026-04-07,0.0034113383106498703
2026-04-08,0.0032991917480069298
2026-04-09,-0.0015678200228541907
2026-04-10,-0.010914524704885057
2026-04-13,0.0014473951555864788
2026-04-14,0.004329103942280824
2026-04-15,-0.02103131312721278
2026-04-16,-0.006385788623676374
2026-04-17,0.0008025429876073731
2026-04-20,-0.006099305763754723
2026-04-21,0.0021730875990523682
2026-04-22,0.00048424870940223623
2026-04-23,-0.005856387164712907
2026-04-24,0.004946496359367071
2026-04-27,-0.0012419890415891427
2026-04-28,-5.641909870333342e-06
2026-04-29,-0.003599035375814026
2026-04-30,-0.001031918350565342
2026-05-06,-0.0008846696558414884
2026-05-07,-0.00599217607219895
2026-05-08,-0.0012916515484436243
2026-05-11,0.0017440056173721988
2026-05-12,0.003646462566407365
2026-05-13,-0.0031670580615516006
2026-05-14,-0.0017162801013357967
2026-05-15,-0.0034722807511351345
2026-05-18,0.0008580543636152886
2026-05-19,0.0031114681948668805
2026-05-20,0.004602822645821483
2026-05-21,0.002807983660433558
2026-05-22,-0.0026061009341254698
2026-05-25,-0.006802376028777045
2026-05-26,-0.007322066889405026
2026-05-27,0.0029990545236439183
2026-05-28,-0.004620900060122209
2026-05-29,0.0005830154064810481
2026-06-01,-0.007590922196076752
2026-06-02,0.005590233244174566
2026-06-03,-0.0021416008036552574
2026-06-04,0.009812367590860245
2026-06-05,0.00041421067323708276
2026-06-08,-0.0055720871597198865
2026-06-09,0.004523159303199917
2026-06-10,-0.005839726635396073
2026-06-11,0.002685138156339929
2026-06-12,2.5154154543481822e-05
2026-06-15,-0.0056928320041589745
2026-06-16,-0.008327841210754874
2026-06-17,-0.003549653200626145
2026-06-18,0.006953070515814074
2026-06-22,-0.006155283177267211
2026-06-23,-0.0031613104276735173
2026-06-24,-0.001342745318015602
2026-06-25,-0.006598259538775571
2026-06-26,0.0023789539833207634
2026-06-29,0.00010876834245166769
2026-06-30,-0.00847688278967958
